employee_id,employee_name,gender,age,department,job_role,city,joining_date,annual_salary
EMP0001,Employee 1,Male,22 ,IT,System Administrator,Pune,2020/05/10,47318.00 
EMP0002,Employee 2,Female,51 ,Customer Support,Team Lead,Hyderabad,2021/07/18,100715.00 
EMP0003,Employee 3,Male,42 ,Finance,Financial Analyst,Delhi,2021/02/04,102787.00 
EMP0004,Employee 4,Female,41 ,Finance,Finance Executive,Chennai,2020/12/31,45466.00 
EMP0005,Employee 5,Female,27 ,Customer Support,Team Lead,Pune,2022/06/27,70475.00 
EMP0006,Employee 6,Female,43 ,Customer Support,Support Analyst,Hyderabad,2023/12/10,85142.00 
EMP0007,Employee 7,Male,39 ,Customer Support,Support Analyst,Bengaluru,2019/04/12,51564.00 
EMP0008,Employee 8,Male,29 ,Marketing,Marketing Executive,Unknown,2021/05/23,47412.00 
EMP0009,Employee 9,Female,53 ,Finance,Financial Analyst,Delhi,2018/11/27,76001.00 
EMP0010,Employee 10,Male,54 ,IT,Software Engineer,Bengaluru,2022/01/22,82649.00 
EMP0011,Employee 11,Female,37 ,Marketing,Digital Marketing Analyst,Bengaluru,2023/11/06,85957.00 
EMP0012,Employee 12,Male,33 ,Operations,Operations Executive,Delhi,2018/05/11,60517.00 
EMP0013,Employee 13,Female,35 ,HR,HR Executive,Bengaluru,2022/08/13,38156.00 
EMP0014,Employee 14,Female,54 ,Customer Support,Support Executive,Mumbai,2020/02/09,48064.00 
EMP0015,Employee 15,Female,44 ,IT,Data Analyst,Hyderabad,2024/07/19,50711.00 
EMP0016,Employee 16,Male,23 ,Operations,Team Lead,Hyderabad,2022/02/24,55106.00 
EMP0017,Employee 17,Female,42 ,IT,Software Engineer,Hyderabad,2025/10/24,90458.00 
EMP0018,Employee 18,Male,23 ,HR,HR Analyst,Mumbai,2024/08/30,41589.00 
EMP0019,Employee 19,Male,48 ,IT,Software Engineer,Kolkata,2021/04/30,32214.00 
EMP0020,Employee 20,Female,30 ,IT,System Administrator,Bengaluru,2020/08/13,52127.00 
EMP0021,Employee 21,Female,22 ,IT,Data Analyst,Pune,2024/05/13,30141.00 
EMP0022,Employee 22,Female,32 ,Operations,Operations Analyst,Bengaluru,2021/03/30,53884.00 
EMP0023,Employee 23,Female,24 ,Marketing,Marketing Executive,Delhi,2019/04/05,27708.00 
EMP0024,Employee 24,Male,44 ,Operations,Team Lead,Patna,2018/01/22,43375.00 
EMP0025,Employee 25,Male,62 ,Customer Support,Support Analyst,Chennai,2024/04/19,40088.00 
EMP0026,Employee 26,Female,25 ,Finance,Financial Analyst,Chennai,2020/01/18,82615.00 
EMP0027,Employee 27,Male,39 ,Finance,Financial Analyst,Hyderabad,2019/04/20,70046.00 
EMP0028,Employee 28,Male,27 ,Customer Support,Support Analyst,Bengaluru,2020/12/18,35014.00 
EMP0029,Employee 29,Male,43 ,IT,Data Analyst,Pune,2025/01/02,89425.00 
EMP0030,Employee 30,Male,36 ,Customer Support,Support Executive,Delhi,2023/08/10,28273.00 
EMP0031,Employee 31,Male,43 ,IT,System Administrator,Mumbai,2025/07/10,72135.00 
EMP0032,Employee 32,Male,33 ,Customer Support,Team Lead,Kolkata,2020/09/02,55881.00 
EMP0033,Employee 33,Male,39 ,IT,System Administrator,Mumbai,2022/12/12,103077.00 
EMP0034,Employee 34,Male,51 ,Customer Support,Support Executive,Pune,2018/07/09,33712.00 
EMP0035,Employee 35,Female,45 ,Operations,Operations Analyst,Delhi,2025/06/27,99704.00 
EMP0036,Employee 36,Male,51 ,Customer Support,Support Executive,Hyderabad,2019/07/17,77874.00 
EMP0037,Employee 37,Male,35 ,IT,Data Analyst,Bengaluru,2023/03/15,94087.00 
EMP0038,Employee 38,Female,27 ,Operations,Team Lead,Delhi,2021/06/21,37297.00 
EMP0039,Employee 39,Male,24 ,Customer Support,Team Lead,Chennai,2025/11/19,52128.00 
EMP0040,Employee 40,Female,37 ,Operations,Operations Analyst,Kolkata,2022/03/09,93368.00 
EMP0041,Employee 41,Female,28 ,Operations,Operations Analyst,Mumbai,2019/10/09,103958.00 
EMP0042,Employee 42,Male,35 ,Marketing,Marketing Executive,Kolkata,2023/08/31,57920.00 
EMP0043,Employee 43,Male,30 ,HR,HR Analyst,Kolkata,2025/11/28,36156.00 
EMP0044,Employee 44,Female,36 ,Operations,Operations Executive,Pune,2024/01/24,36108.00 
EMP0045,Employee 45,Female,42 ,Operations,Operations Executive,Pune,2021/07/21,56845.00 
EMP0046,Employee 46,Male,23 ,Customer Support,Support Executive,Bengaluru,2024/09/01,27800.00 
EMP0047,Employee 47,Female,48 ,IT,System Administrator,Pune,2019/08/24,67712.00 
EMP0048,Employee 48,Male,23 ,Finance,Financial Analyst,Pune,2024/06/21,27610.00 
EMP0049,Employee 49,Female,39 ,Customer Support,Support Executive,Delhi,2023/08/24,102603.00 
EMP0050,Employee 50,Male,35 ,Customer Support,Support Executive,Chennai,2018/08/30,58872.00 
EMP0051,Employee 51,Female,41 ,HR,HR Executive,Hyderabad,2023/08/04,35728.00 
EMP0052,Employee 52,Female,39 ,Operations,Operations Executive,Bengaluru,2025/09/25,45583.00 
EMP0053,Employee 53,Female,31 ,Finance,Financial Analyst,Delhi,2025/02/25,32263.00 
EMP0054,Employee 54,Male,46 ,IT,System Administrator,Hyderabad,2021/09/25,92450.00 
EMP0055,Employee 55,Male,23 ,HR,HR Executive,Kolkata,2023/11/10,44456.00 
EMP0056,Employee 56,Male,46 ,Finance,Accountant,Delhi,2021/10/22,90942.00 
EMP0057,Employee 57,Male,54 ,Operations,Operations Executive,Patna,2022/01/18,38689.00 
EMP0058,Employee 58,Male,52 ,IT,Software Engineer,Delhi,2024/12/31,57934.00 
EMP0059,Employee 59,Female,35 ,Customer Support,Team Lead,Pune,2020/02/15,58276.00 
EMP0060,Employee 60,Male,22 ,Customer Support,Team Lead,Hyderabad,2018/02/04,44873.00 
EMP0061,Employee 61,Male,37 ,Marketing,Digital Marketing Analyst,Bengaluru,2024/03/03,38050.00 
EMP0062,Employee 62,Female,24 ,Operations,Operations Analyst,Bengaluru,2023/05/10,91216.00 
EMP0063,Employee 63,Female,27 ,Finance,Finance Executive,Hyderabad,2022/05/05,109444.00 
EMP0064,Employee 64,Female,46 ,Customer Support,Team Lead,Pune,2020/10/18,109040.00 
EMP0065,Employee 65,Female,34 ,Marketing,Marketing Executive,Mumbai,2025/02/26,46644.00 
EMP0066,Employee 66,Male,29 ,IT,System Administrator,Delhi,2021/02/03,87021.00 
EMP0067,Employee 67,Male,42 ,Customer Support,Support Analyst,Pune,2022/02/09,62125.00 
EMP0068,Employee 68,Female,25 ,Customer Support,Support Executive,Patna,2019/12/04,91899.00 
EMP0069,Employee 69,Female,46 ,Customer Support,Support Analyst,Chennai,2024/09/15,67291.00 
EMP0070,Employee 70,Male,36 ,Marketing,Marketing Executive,Kolkata,2025/08/09,60060.00 
EMP0071,Employee 71,Female,25 ,Operations,Team Lead,Hyderabad,2022/04/29,26538.00 
EMP0072,Employee 72,Male,33 ,HR,Recruiter,Chennai,2018/06/11,61176.00 
EMP0073,Employee 73,Male,53 ,Customer Support,Support Executive,Delhi,2018/07/21,66520.00 
EMP0074,Employee 74,Male,53 ,Customer Support,Support Executive,Bengaluru,2023/06/05,50675.00 
EMP0075,Employee 75,Female,49 ,IT,System Administrator,Kolkata,2020/09/22,43287.00 
EMP0076,Employee 76,Female,34 ,IT,System Administrator,Chennai,2024/05/06,25174.00 
EMP0077,Employee 77,Male,52 ,Finance,Finance Executive,Mumbai,2020/03/26,59998.00 
EMP0078,Employee 78,Female,35 ,Customer Support,Support Analyst,Chennai,2019/04/01,78312.00 
EMP0079,Employee 79,Male,41 ,Customer Support,Support Executive,Patna,2021/06/29,37112.00 
EMP0080,Employee 80,Male,39 ,IT,System Administrator,Bengaluru,2020/10/13,100225.00 
EMP0081,Employee 81,Female,50 ,Operations,Operations Analyst,Hyderabad,2024/06/01,69814.00 
EMP0082,Employee 82,Female,27 ,HR,Recruiter,Delhi,2025/07/30,75719.00 
EMP0083,Employee 83,Female,53 ,Customer Support,Support Analyst,Hyderabad,2018/12/04,58919.00 
EMP0084,Employee 84,Female,50 ,Customer Support,Team Lead,Kolkata,2020/05/28,98155.00 
EMP0085,Employee 85,Female,23 ,Customer Support,Team Lead,Delhi,2020/12/12,96569.00 
EMP0086,Employee 86,Male,44 ,HR,HR Executive,Pune,2020/03/02,66328.00 
EMP0087,Employee 87,Male,40 ,HR,HR Executive,Mumbai,2024/03/14,95482.00 
EMP0088,Employee 88,Male,52 ,Finance,Finance Executive,Pune,2020/02/03,49618.00 
EMP0089,Employee 89,Male,26 ,IT,Data Analyst,Pune,2024/02/14,59675.00 
EMP0090,Employee 90,Male,40 ,Customer Support,Support Analyst,Hyderabad,2019/01/15,43919.00 
EMP0091,Employee 91,Female,31 ,Customer Support,Support Analyst,Kolkata,2019/05/08,29173.00 
EMP0092,Employee 92,Male,46 ,Customer Support,Support Executive,Mumbai,2021/03/26,51400.00 
EMP0093,Employee 93,Male,23 ,Customer Support,Support Analyst,Chennai,2023/08/25,75445.00 
EMP0094,Employee 94,Male,32 ,Operations,Operations Executive,Delhi,2018/03/06,95305.00 
EMP0095,Employee 95,Female,52 ,Marketing,Marketing Executive,Delhi,2025/01/12,62564.00 
EMP0096,Employee 96,Male,36 ,Customer Support,Support Analyst,Patna,2021/09/29,70814.00 
EMP0097,Employee 97,Female,30 ,Customer Support,Support Analyst,Bengaluru,2021/02/26,104747.00 
EMP0098,Employee 98,Male,44 ,Finance,Finance Executive,Patna,2023/07/21,52962.00 
EMP0099,Employee 99,Male,40 ,HR,HR Analyst,Chennai,2025/05/19,109892.00 
EMP0100,Employee 100,Female,30 ,IT,Data Analyst,Patna,2022/02/04,95533.00 
EMP0101,Employee 101,Female,42 ,Customer Support,Support Executive,Delhi,2021/03/08,81184.00 
EMP0102,Employee 102,Male,30 ,Operations,Operations Executive,Hyderabad,2022/03/03,107912.00 
EMP0103,Employee 103,Female,49 ,IT,Software Engineer,Pune,2025/03/25,35578.00 
EMP0104,Employee 104,Male,28 ,Operations,Operations Executive,Kolkata,2019/01/27,43624.00 
EMP0105,Employee 105,Male,37 ,Operations,Operations Executive,Pune,2022/08/26,64194.00 
EMP0106,Employee 106,Female,37 ,Finance,Finance Executive,Pune,2019/02/23,25389.00 
EMP0107,Employee 107,Female,54 ,IT,Data Analyst,Mumbai,2024/05/25,92391.00 
EMP0108,Employee 108,Female,25 ,Operations,Team Lead,Delhi,2019/01/14,38794.00 
EMP0109,Employee 109,Female,25 ,Operations,Operations Executive,Chennai,2022/12/02,83002.00 
EMP0110,Employee 110,Female,38 ,Marketing,Marketing Executive,Chennai,2024/03/28,60531.00 
EMP0111,Employee 111,Female,50 ,Operations,Operations Executive,Kolkata,2023/09/20,77815.00 
EMP0112,Employee 112,Female,28 ,Customer Support,Support Executive,Hyderabad,2023/12/23,29986.00 
EMP0113,Employee 113,Female,48 ,Operations,Operations Analyst,Mumbai,2018/07/20,57298.00 
EMP0114,Employee 114,Female,49 ,Operations,Operations Executive,Bengaluru,2023/02/07,26481.00 
EMP0115,Employee 115,Female,43 ,Customer Support,Support Analyst,Hyderabad,2020/02/19,81408.00 
EMP0116,Employee 116,Female,35 ,HR,HR Executive,Patna,2019/05/18,94267.00 
EMP0117,Employee 117,Male,28 ,IT,Data Analyst,Hyderabad,2024/09/20,41835.00 
EMP0118,Employee 118,Female,43 ,IT,System Administrator,Hyderabad,2022/10/18,52798.00 
EMP0119,Employee 119,Female,26 ,Marketing,Marketing Executive,Pune,2020/03/15,89887.00 
EMP0120,Employee 120,Male,23 ,Operations,Operations Analyst,Hyderabad,2023/11/17,44477.00 
EMP0121,Employee 121,Female,48 ,Marketing,Content Specialist,Chennai,2025/06/24,42266.00 
EMP0122,Employee 122,Male,42 ,IT,Software Engineer,Patna,2023/03/11,68526.00 
EMP0123,Employee 123,Male,36 ,IT,Software Engineer,Patna,2025/08/05,36889.00 
EMP0124,Employee 124,Female,42 ,IT,Software Engineer,Delhi,2022/04/20,49335.00 
EMP0125,Employee 125,Male,31 ,Finance,Accountant,Hyderabad,2020/08/18,36254.00 
EMP0126,Employee 126,Female,44 ,Operations,Operations Analyst,Pune,2025/04/14,36442.00 
EMP0127,Employee 127,Female,26 ,HR,HR Analyst,Hyderabad,2022/01/25,71289.00 
EMP0128,Employee 128,Male,22 ,HR,Recruiter,Bengaluru,2025/05/14,78747.00 
EMP0129,Employee 129,Male,34 ,Customer Support,Support Analyst,Bengaluru,2020/10/25,62327.00 
EMP0130,Employee 130,Male,42 ,Finance,Financial Analyst,Pune,2019/05/18,41199.00 
EMP0131,Employee 131,Female,47 ,Operations,Operations Executive,Delhi,2025/09/15,97827.00 
EMP0132,Employee 132,Female,42 ,Marketing,Marketing Executive,Delhi,2019/02/02,25112.00 
EMP0133,Employee 133,Female,39 ,HR,HR Executive,Patna,2020/05/20,44581.00 
EMP0134,Employee 134,Male,53 ,Operations,Operations Executive,Patna,2025/10/13,84722.00 
EMP0135,Employee 135,Female,38 ,Customer Support,Support Executive,Mumbai,2019/01/28,41523.00 
EMP0136,Employee 136,Male,32 ,Customer Support,Support Executive,Pune,2018/07/26,91960.00 
EMP0137,Employee 137,Female,42 ,IT,System Administrator,Hyderabad,2020/11/04,44552.00 
EMP0138,Employee 138,Male,47 ,Customer Support,Team Lead,Kolkata,2023/02/25,35808.00 
EMP0139,Employee 139,Female,25 ,Operations,Team Lead,Pune,2022/01/24,97525.00 
EMP0140,Employee 140,Male,39 ,Finance,Finance Executive,Mumbai,2020/05/13,48620.00 
EMP0141,Employee 141,Female,50 ,HR,HR Executive,Patna,2025/08/22,25887.00 
EMP0142,Employee 142,Male,50 ,Customer Support,Team Lead,Pune,2019/07/18,56802.00 
EMP0143,Employee 143,Female,42 ,Operations,Operations Executive,Pune,2020/10/17,106938.00 
EMP0144,Employee 144,Female,34 ,Finance,Finance Executive,Patna,2018/04/06,51049.00 
EMP0145,Employee 145,Male,38 ,Operations,Operations Analyst,Chennai,2023/04/08,102789.00 
EMP0146,Employee 146,Female,30 ,Finance,Finance Executive,Mumbai,2022/10/24,109526.00 
EMP0147,Employee 147,Female,22 ,IT,System Administrator,Patna,2024/12/07,32846.00 
EMP0148,Employee 148,Male,23 ,IT,Software Engineer,Delhi,2024/03/28,71220.00 
EMP0149,Employee 149,Male,50 ,IT,System Administrator,Hyderabad,2025/08/28,71163.00 
EMP0150,Employee 150,Female,54 ,IT,Data Analyst,Patna,2022/08/06,28765.00 
EMP0151,Employee 151,Male,31 ,IT,Software Engineer,Mumbai,2019/06/25,106486.00 
EMP0152,Employee 152,Female,42 ,Operations,Operations Executive,Bengaluru,2020/11/25,70270.00 
EMP0153,Employee 153,Male,49 ,IT,System Administrator,Delhi,2025/01/16,100277.00 
EMP0154,Employee 154,Female,32 ,Finance,Financial Analyst,Bengaluru,2021/03/29,47931.00 
EMP0155,Employee 155,Male,29 ,Customer Support,Support Executive,Kolkata,2022/09/19,80633.00 
EMP0156,Employee 156,Female,43 ,HR,HR Executive,Patna,2022/12/25,105702.00 
EMP0157,Employee 157,Female,29 ,Operations,Operations Executive,Delhi,2025/03/10,76913.00 
EMP0158,Employee 158,Female,36 ,IT,Software Engineer,Hyderabad,2025/06/22,50991.00 
EMP0159,Employee 159,Female,38 ,IT,Software Engineer,Patna,2025/02/17,79845.00 
EMP0160,Employee 160,Male,44 ,IT,Data Analyst,Hyderabad,2022/05/17,80312.00 
EMP0161,Employee 161,Female,45 ,IT,System Administrator,Chennai,2025/05/17,35561.00 
EMP0162,Employee 162,Male,40 ,Finance,Accountant,Pune,2020/03/06,41901.00 
EMP0163,Employee 163,Male,26 ,IT,Software Engineer,Bengaluru,2020/11/17,87875.00 
EMP0164,Employee 164,Male,53 ,IT,Software Engineer,Delhi,2022/07/02,50917.00 
EMP0165,Employee 165,Male,22 ,IT,System Administrator,Hyderabad,2021/09/25,87120.00 
EMP0166,Employee 166,Female,44 ,HR,Recruiter,Mumbai,2023/06/05,26988.00 
EMP0167,Employee 167,Female,29 ,IT,System Administrator,Hyderabad,2021/09/16,39256.00 
EMP0168,Employee 168,Male,34 ,Finance,Accountant,Mumbai,2022/07/22,53230.00 
EMP0169,Employee 169,Male,29 ,Operations,Operations Executive,Patna,2022/03/10,84778.00 
EMP0170,Employee 170,Female,44 ,Marketing,Content Specialist,Delhi,2023/08/01,70833.00 
EMP0171,Employee 171,Male,22 ,IT,System Administrator,Hyderabad,2022/02/05,47625.00 
EMP0172,Employee 172,Male,45 ,Marketing,Marketing Executive,Kolkata,2024/02/16,57088.00 
EMP0173,Employee 173,Male,45 ,Operations,Team Lead,Hyderabad,2021/11/09,104650.00 
EMP0174,Employee 174,Female,38 ,IT,Data Analyst,Chennai,2021/11/01,66167.00 
EMP0175,Employee 175,Female,26 ,Customer Support,Support Analyst,Kolkata,2021/07/30,96291.00 
EMP0176,Employee 176,Male,41 ,Customer Support,Support Analyst,Delhi,2025/05/04,90303.00 
EMP0177,Employee 177,Male,42 ,IT,Data Analyst,Chennai,2025/04/29,101361.00 
EMP0178,Employee 178,Female,52 ,Finance,Financial Analyst,Hyderabad,2020/08/30,29117.00 
EMP0179,Employee 179,Female,32 ,Customer Support,Team Lead,Mumbai,2022/11/04,85710.00 
EMP0180,Employee 180,Male,36 ,Marketing,Digital Marketing Analyst,Hyderabad,2021/07/06,92054.00 
EMP0181,Employee 181,Female,40 ,IT,Software Engineer,Bengaluru,2019/12/11,55949.00 
EMP0182,Employee 182,Male,28 ,IT,System Administrator,Patna,2022/01/19,47547.00 
EMP0183,Employee 183,Male,49 ,Finance,Finance Executive,Pune,2021/12/05,106882.00 
EMP0184,Employee 184,Female,26 ,Operations,Operations Executive,Mumbai,2019/10/11,93136.00 
EMP0185,Employee 185,Male,26 ,Operations,Operations Executive,Bengaluru,2018/11/14,89619.00 
EMP0186,Employee 186,Female,51 ,Finance,Accountant,Kolkata,2021/06/11,86842.00 
EMP0187,Employee 187,Male,53 ,HR,HR Analyst,Patna,2019/11/15,51990.00 
EMP0188,Employee 188,Male,29 ,Marketing,Content Specialist,Delhi,2019/10/26,41193.00 
EMP0189,Employee 189,Female,31 ,IT,Software Engineer,Mumbai,2023/06/22,55109.00 
EMP0190,Employee 190,Male,53 ,Finance,Finance Executive,Pune,2022/06/20,44233.00 
EMP0191,Employee 191,Female,49 ,Marketing,Digital Marketing Analyst,Patna,2022/02/04,106730.00 
EMP0192,Employee 192,Male,38 ,Customer Support,Team Lead,Kolkata,2021/02/10,59510.00 
EMP0193,Employee 193,Male,52 ,Operations,Operations Executive,Chennai,2023/01/28,26306.00 
EMP0194,Employee 194,Male,29 ,Operations,Operations Executive,Chennai,2022/03/01,28849.00 
EMP0195,Employee 195,Female,46 ,IT,Data Analyst,Pune,2024/10/25,37360.00 
EMP0196,Employee 196,Male,30 ,HR,Recruiter,Delhi,2019/07/18,70800.00 
EMP0197,Employee 197,Female,23 ,Operations,Team Lead,Delhi,2021/07/15,61963.00 
EMP0198,Employee 198,Male,36 ,Finance,Finance Executive,Kolkata,2022/06/25,79330.00 
EMP0199,Employee 199,Female,24 ,Finance,Financial Analyst,Mumbai,2019/11/30,76707.00 
EMP0200,Employee 200,Male,25 ,Finance,Accountant,Kolkata,2023/12/01,43689.00 
EMP0201,Employee 201,Female,35 ,IT,Data Analyst,Hyderabad,2018/01/02,54084.00 
EMP0202,Employee 202,Female,46 ,Finance,Accountant,Delhi,2019/10/04,65387.00 
EMP0203,Employee 203,Female,31 ,IT,System Administrator,Patna,2024/03/17,99816.00 
EMP0204,Employee 204,Female,42 ,Finance,Accountant,Hyderabad,2022/05/09,27642.00 
EMP0205,Employee 205,Female,33 ,IT,Software Engineer,Chennai,2020/05/04,67137.00 
EMP0206,Employee 206,Female,48 ,Customer Support,Support Executive,Chennai,2022/10/26,104832.00 
EMP0207,Employee 207,Male,23 ,Operations,Team Lead,Bengaluru,2024/08/29,80561.00 
EMP0208,Employee 208,Male,34 ,Operations,Team Lead,Pune,2022/07/20,87260.00 
EMP0209,Employee 209,Female,53 ,Marketing,Digital Marketing Analyst,Hyderabad,2021/02/27,40438.00 
EMP0210,Employee 210,Female,52 ,Operations,Team Lead,Pune,2020/12/12,73442.00 
EMP0211,Employee 211,Female,37 ,IT,Software Engineer,Kolkata,2022/09/04,27994.00 
EMP0212,Employee 212,Male,53 ,Operations,Operations Analyst,Hyderabad,2025/08/09,26813.00 
EMP0213,Employee 213,Male,53 ,Operations,Operations Executive,Kolkata,2022/08/23,109381.00 
EMP0214,Employee 214,Male,32 ,Marketing,Digital Marketing Analyst,Bengaluru,2022/09/30,80276.00 
EMP0215,Employee 215,Female,31 ,HR,HR Analyst,Delhi,2021/12/10,66243.00 
EMP0216,Employee 216,Male,36 ,IT,Data Analyst,Chennai,2024/04/13,87912.00 
EMP0217,Employee 217,Male,38 ,Finance,Accountant,Bengaluru,2020/04/15,85272.00 
EMP0218,Employee 218,Male,39 ,Finance,Financial Analyst,Chennai,2018/07/22,67051.00 
EMP0219,Employee 219,Male,30 ,Operations,Operations Executive,Delhi,2018/05/03,103854.00 
EMP0220,Employee 220,Female,46 ,Operations,Operations Analyst,Kolkata,2019/02/05,107736.00 
EMP0221,Employee 221,Male,35 ,Finance,Finance Executive,Delhi,2020/02/06,90618.00 
EMP0222,Employee 222,Female,46 ,Customer Support,Team Lead,Chennai,2018/10/21,26920.00 
EMP0223,Employee 223,Male,43 ,Operations,Operations Executive,Chennai,2024/05/16,102219.00 
EMP0224,Employee 224,Male,51 ,IT,System Administrator,Pune,2018/07/17,101872.00 
EMP0225,Employee 225,Male,41 ,IT,Software Engineer,Patna,2023/04/15,106132.00 
EMP0226,Employee 226,Male,42 ,IT,System Administrator,Bengaluru,2025/08/31,27093.00 
EMP0227,Employee 227,Male,53 ,Finance,Accountant,Hyderabad,2024/01/01,37905.00 
EMP0228,Employee 228,Male,42 ,IT,Software Engineer,Chennai,2019/09/01,49351.00 
EMP0229,Employee 229,Female,53 ,IT,Software Engineer,Bengaluru,2021/02/21,55981.00 
EMP0230,Employee 230,Male,51 ,Finance,Accountant,Pune,2018/07/06,98903.00 
EMP0231,Employee 231,Female,33 ,IT,Software Engineer,Delhi,2024/11/16,95821.00 
EMP0232,Employee 232,Female,39 ,Customer Support,Team Lead,Pune,2022/11/30,107289.00 
EMP0233,Employee 233,Female,42 ,IT,System Administrator,Mumbai,2019/10/22,109021.00 
EMP0234,Employee 234,Male,34 ,Operations,Operations Executive,Mumbai,2025/09/12,103513.00 
EMP0235,Employee 235,Male,42 ,HR,HR Analyst,Hyderabad,2023/05/10,44874.00 
EMP0236,Employee 236,Male,29 ,Customer Support,Support Executive,Pune,2024/09/16,75931.00 
EMP0237,Employee 237,Male,28 ,IT,Data Analyst,Kolkata,2021/10/01,32674.00 
EMP0238,Employee 238,Female,44 ,HR,HR Executive,Hyderabad,2023/06/10,75516.00 
EMP0239,Employee 239,Male,53 ,Customer Support,Support Analyst,Kolkata,2022/03/15,85686.00 
EMP0240,Employee 240,Male,32 ,Customer Support,Team Lead,Hyderabad,2018/05/27,94212.00 
EMP0241,Employee 241,Female,43 ,Customer Support,Support Analyst,Mumbai,2022/10/01,27426.00 
EMP0242,Employee 242,Female,43 ,Finance,Finance Executive,Hyderabad,2023/01/18,93498.00 
EMP0243,Employee 243,Male,46 ,IT,Software Engineer,Mumbai,2019/05/04,54943.00 
EMP0244,Employee 244,Male,43 ,Operations,Team Lead,Chennai,2023/05/14,91395.00 
EMP0245,Employee 245,Male,49 ,Customer Support,Support Executive,Delhi,2022/07/22,69816.00 
EMP0246,Employee 246,Male,50 ,Operations,Operations Executive,Kolkata,2025/02/11,29138.00 
EMP0247,Employee 247,Male,34 ,Operations,Operations Analyst,Pune,2024/07/13,100945.00 
EMP0248,Employee 248,Male,39 ,Finance,Accountant,Chennai,2019/10/03,29017.00 
EMP0249,Employee 249,Male,23 ,Marketing,Digital Marketing Analyst,Chennai,2022/12/08,35451.00 
EMP0250,Employee 250,Male,50 ,IT,Data Analyst,Hyderabad,2024/11/25,87956.00 
EMP0251,Employee 251,Male,42 ,Finance,Finance Executive,Mumbai,2023/05/24,35278.00 
EMP0252,Employee 252,Male,36 ,HR,HR Analyst,Bengaluru,2024/01/08,68764.00 
EMP0253,Employee 253,Male,48 ,Operations,Team Lead,Kolkata,2021/12/09,26134.00 
EMP0254,Employee 254,Female,52 ,Finance,Financial Analyst,Chennai,2022/06/23,87943.00 
EMP0255,Employee 255,Female,36 ,IT,System Administrator,Hyderabad,2018/09/20,79318.00 
EMP0256,Employee 256,Male,44 ,Operations,Team Lead,Patna,2022/11/23,85128.00 
EMP0257,Employee 257,Male,45 ,Finance,Finance Executive,Delhi,2024/01/01,46869.00 
EMP0258,Employee 258,Male,34 ,Operations,Operations Analyst,Delhi,2024/07/21,30039.00 
EMP0259,Employee 259,Female,43 ,IT,System Administrator,Bengaluru,2019/09/16,46281.00 
EMP0260,Employee 260,Female,54 ,Operations,Operations Executive,Mumbai,2020/10/13,35442.00 
EMP0261,Employee 261,Male,24 ,Operations,Operations Analyst,Hyderabad,2020/05/30,98788.00 
EMP0262,Employee 262,Female,40 ,IT,Software Engineer,Kolkata,2023/08/12,52586.00 
EMP0263,Employee 263,Male,44 ,Finance,Finance Executive,Mumbai,2021/08/20,78053.00 
EMP0264,Employee 264,Male,50 ,IT,Data Analyst,Delhi,2024/04/20,75489.00 
EMP0265,Employee 265,Female,51 ,IT,Software Engineer,Mumbai,2019/03/29,108104.00 
EMP0266,Employee 266,Female,46 ,Customer Support,Team Lead,Delhi,2021/03/29,92087.00 
EMP0267,Employee 267,Female,29 ,Finance,Financial Analyst,Mumbai,2023/08/19,37625.00 
EMP0268,Employee 268,Female,37 ,Customer Support,Support Executive,Bengaluru,2022/08/10,59397.00 
EMP0269,Employee 269,Male,29 ,Finance,Financial Analyst,Pune,2025/11/03,83671.00 
EMP0270,Employee 270,Female,22 ,Marketing,Content Specialist,Bengaluru,2024/03/05,91897.00 
EMP0271,Employee 271,Male,26 ,Marketing,Content Specialist,Bengaluru,2021/02/28,51149.00 
EMP0272,Employee 272,Female,24 ,Operations,Operations Executive,Pune,2019/02/08,85030.00 
EMP0273,Employee 273,Male,22 ,HR,Recruiter,Pune,2024/01/09,94906.00 
EMP0274,Employee 274,Female,25 ,HR,Recruiter,Chennai,2023/10/03,30283.00 
EMP0275,Employee 275,Male,53 ,Finance,Finance Executive,Chennai,2022/08/24,32610.00 
EMP0276,Employee 276,Female,46 ,Customer Support,Team Lead,Hyderabad,2019/09/20,68326.00 
EMP0277,Employee 277,Male,31 ,Customer Support,Team Lead,Kolkata,2019/08/10,39924.00 
EMP0278,Employee 278,Female,42 ,Customer Support,Team Lead,Kolkata,2022/07/07,101162.00 
EMP0279,Employee 279,Male,48 ,IT,System Administrator,Hyderabad,2021/12/14,25869.00 
EMP0280,Employee 280,Male,48 ,Marketing,Digital Marketing Analyst,Bengaluru,2021/12/16,26014.00 
EMP0281,Employee 281,Male,23 ,Customer Support,Team Lead,Bengaluru,2018/04/14,35103.00 
EMP0282,Employee 282,Male,34 ,IT,Software Engineer,Delhi,2018/09/11,107522.00 
EMP0283,Employee 283,Female,30 ,IT,Software Engineer,Delhi,2025/01/01,58458.00 
EMP0284,Employee 284,Male,43 ,Marketing,Digital Marketing Analyst,Kolkata,2022/02/05,107409.00 
EMP0285,Employee 285,Female,47 ,Operations,Operations Executive,Hyderabad,2018/04/09,48248.00 
EMP0286,Employee 286,Male,33 ,Customer Support,Support Analyst,Patna,2024/01/10,68516.00 
EMP0287,Employee 287,Male,38 ,IT,Data Analyst,Chennai,2023/02/28,54061.00 
EMP0288,Employee 288,Female,35 ,Marketing,Marketing Executive,Patna,2023/04/04,49170.00 
EMP0289,Employee 289,Female,35 ,IT,System Administrator,Hyderabad,2020/05/27,33024.00 
EMP0290,Employee 290,Male,41 ,IT,Software Engineer,Delhi,2018/12/04,107214.00 
EMP0291,Employee 291,Male,32 ,IT,Software Engineer,Kolkata,2025/11/09,68803.00 
EMP0292,Employee 292,Female,37 ,Customer Support,Support Analyst,Kolkata,2020/08/14,44296.00 
EMP0293,Employee 293,Male,52 ,Operations,Operations Executive,Delhi,2022/09/01,43257.00 
EMP0294,Employee 294,Female,27 ,Operations,Operations Analyst,Patna,2018/06/10,37855.00 
EMP0295,Employee 295,Female,40 ,Finance,Finance Executive,Mumbai,2022/05/23,45025.00 
EMP0296,Employee 296,Female,25 ,Customer Support,Team Lead,Mumbai,2025/10/19,29458.00 
EMP0297,Employee 297,Male,25 ,HR,HR Analyst,Delhi,2019/02/02,88610.00 
EMP0298,Employee 298,Female,41 ,Customer Support,Support Executive,Mumbai,2021/07/24,95843.00 
EMP0299,Employee 299,Male,31 ,HR,Recruiter,Pune,2020/03/26,108961.00 
EMP0300,Employee 300,Male,45 ,Finance,Finance Executive,Hyderabad,2022/03/08,74831.00 
EMP0301,Employee 301,Male,47 ,HR,Recruiter,Hyderabad,2023/04/04,68427.00 
EMP0302,Employee 302,Male,42 ,Finance,Accountant,Delhi,2021/11/16,63506.00 
EMP0303,Employee 303,Female,42 ,Marketing,Content Specialist,Bengaluru,2021/03/04,30668.00 
EMP0304,Employee 304,Female,31 ,Operations,Team Lead,Chennai,2021/05/03,72195.00 
EMP0305,Employee 305,Female,25 ,IT,Data Analyst,Patna,2019/02/05,98233.00 
EMP0306,Employee 306,Male,41 ,Customer Support,Team Lead,Delhi,2019/10/02,49417.00 
EMP0307,Employee 307,Male,38 ,HR,Recruiter,Mumbai,2025/06/28,106982.00 
EMP0308,Employee 308,Male,28 ,Operations,Operations Analyst,Patna,2019/04/05,35751.00 
EMP0309,Employee 309,Female,25 ,Customer Support,Team Lead,Bengaluru,2020/08/12,71218.00 
EMP0310,Employee 310,Male,50 ,Operations,Operations Executive,Mumbai,2019/04/15,32352.00 
EMP0311,Employee 311,Female,35 ,IT,System Administrator,Kolkata,2020/11/11,104052.00 
EMP0312,Employee 312,Male,24 ,Customer Support,Support Executive,Chennai,2025/08/29,53927.00 
EMP0313,Employee 313,Male,45 ,Operations,Operations Analyst,Pune,2022/08/21,66094.00 
EMP0314,Employee 314,Female,37 ,Finance,Accountant,Mumbai,2023/09/17,79122.00 
EMP0315,Employee 315,Male,25 ,IT,Software Engineer,Pune,2024/03/27,54493.00 
EMP0316,Employee 316,Female,45 ,Marketing,Digital Marketing Analyst,Patna,2019/07/17,98539.00 
EMP0317,Employee 317,Female,51 ,Operations,Operations Executive,Pune,2024/10/21,56707.00 
EMP0318,Employee 318,Male,39 ,Operations,Operations Executive,Patna,2022/12/05,93814.00 
EMP0319,Employee 319,Male,40 ,Customer Support,Support Analyst,Patna,2023/09/06,32296.00 
EMP0320,Employee 320,Female,52 ,Marketing,Marketing Executive,Patna,2018/08/14,50398.00 
EMP0321,Employee 321,Female,40 ,IT,System Administrator,Patna,2020/03/08,60842.00 
EMP0322,Employee 322,Male,40 ,Finance,Finance Executive,Patna,2024/05/20,38261.00 
EMP0323,Employee 323,Female,43 ,Finance,Accountant,Mumbai,2020/08/17,101709.00 
EMP0324,Employee 324,Female,45 ,Marketing,Digital Marketing Analyst,Patna,2022/02/13,81704.00 
EMP0325,Employee 325,Female,33 ,IT,Software Engineer,Mumbai,2019/03/29,92173.00 
EMP0326,Employee 326,Male,51 ,Operations,Operations Executive,Patna,2020/03/26,56781.00 
EMP0327,Employee 327,Female,52 ,Marketing,Marketing Executive,Pune,2019/10/21,38652.00 
EMP0328,Employee 328,Female,40 ,Customer Support,Support Executive,Kolkata,2019/07/01,30103.00 
EMP0329,Employee 329,Male,51 ,Finance,Finance Executive,Patna,2021/04/30,50500.00 
EMP0330,Employee 330,Male,54 ,Customer Support,Team Lead,Bengaluru,2018/01/17,60529.00 
EMP0331,Employee 331,Female,39 ,IT,Data Analyst,Patna,2021/05/28,43452.00 
EMP0332,Employee 332,Male,49 ,Customer Support,Support Executive,Patna,2024/01/15,74393.00 
EMP0333,Employee 333,Female,32 ,IT,Software Engineer,Pune,2024/11/29,56174.00 
EMP0334,Employee 334,Male,54 ,HR,Recruiter,Chennai,2020/12/05,89450.00 
EMP0335,Employee 335,Male,38 ,Marketing,Marketing Executive,Hyderabad,2025/01/09,60436.00 
EMP0336,Employee 336,Female,27 ,IT,Software Engineer,Pune,2023/11/17,72406.00 
EMP0337,Employee 337,Male,25 ,IT,Software Engineer,Bengaluru,2022/11/04,88059.00 
EMP0338,Employee 338,Male,41 ,Marketing,Marketing Executive,Hyderabad,2020/11/26,40954.00 
EMP0339,Employee 339,Male,48 ,Marketing,Marketing Executive,Delhi,2024/05/16,107722.00 
EMP0340,Employee 340,Female,36 ,Operations,Operations Analyst,Delhi,2024/12/19,37356.00 
EMP0341,Employee 341,Male,27 ,Marketing,Marketing Executive,Chennai,2018/10/29,27187.00 
EMP0342,Employee 342,Male,35 ,Operations,Operations Analyst,Bengaluru,2018/06/30,102243.00 
EMP0343,Employee 343,Female,32 ,Finance,Financial Analyst,Pune,2019/08/30,60098.00 
EMP0344,Employee 344,Male,30 ,Finance,Finance Executive,Mumbai,2019/12/01,46225.00 
EMP0345,Employee 345,Female,47 ,IT,System Administrator,Bengaluru,2020/09/19,28606.00 
EMP0346,Employee 346,Male,37 ,Customer Support,Team Lead,Kolkata,2021/02/13,82620.00 
EMP0347,Employee 347,Female,26 ,Operations,Team Lead,Hyderabad,2018/07/10,57828.00 
EMP0348,Employee 348,Male,31 ,HR,Recruiter,Hyderabad,2024/04/19,51489.00 
EMP0349,Employee 349,Female,24 ,HR,Recruiter,Patna,2020/09/07,39387.00 
EMP0350,Employee 350,Male,34 ,Customer Support,Support Executive,Delhi,2023/06/30,94463.00 
EMP0351,Employee 351,Male,51 ,IT,System Administrator,Chennai,2021/03/30,96832.00 
EMP0352,Employee 352,Male,27 ,Operations,Operations Analyst,Hyderabad,2018/05/08,27591.00 
EMP0353,Employee 353,Male,38 ,Operations,Operations Executive,Bengaluru,2023/08/28,73516.00 
EMP0354,Employee 354,Male,40 ,Operations,Operations Executive,Hyderabad,2022/12/22,87061.00 
EMP0355,Employee 355,Male,47 ,IT,Data Analyst,Chennai,2022/10/25,91736.00 
EMP0356,Employee 356,Female,26 ,Customer Support,Team Lead,Chennai,2025/02/26,106257.00 
EMP0357,Employee 357,Male,50 ,Customer Support,Support Executive,Chennai,2019/07/24,86753.00 
EMP0358,Employee 358,Male,41 ,Operations,Team Lead,Bengaluru,2021/09/08,109774.00 
EMP0359,Employee 359,Female,42 ,Marketing,Content Specialist,Mumbai,2023/03/11,36087.00 
EMP0360,Employee 360,Female,31 ,Customer Support,Team Lead,Patna,2025/06/26,55816.00 
EMP0361,Employee 361,Male,26 ,Marketing,Marketing Executive,Delhi,2019/09/18,48408.00 
EMP0362,Employee 362,Male,27 ,IT,System Administrator,Hyderabad,2022/08/14,25136.00 
EMP0363,Employee 363,Male,47 ,Operations,Operations Executive,Bengaluru,2018/06/04,42413.00 
EMP0364,Employee 364,Female,25 ,Operations,Team Lead,Pune,2024/12/12,84500.00 
EMP0365,Employee 365,Female,22 ,HR,HR Executive,Delhi,2021/11/10,109514.00 
EMP0366,Employee 366,Male,45 ,Marketing,Content Specialist,Mumbai,2020/02/24,81358.00 
EMP0367,Employee 367,Female,27 ,Customer Support,Support Analyst,Bengaluru,2018/09/03,91197.00 
EMP0368,Employee 368,Female,52 ,Customer Support,Team Lead,Kolkata,2022/02/09,57854.00 
EMP0369,Employee 369,Female,41 ,HR,HR Analyst,Kolkata,2022/09/02,101240.00 
EMP0370,Employee 370,Female,45 ,IT,Software Engineer,Patna,2025/09/07,41322.00 
EMP0371,Employee 371,Male,46 ,Customer Support,Support Executive,Patna,2019/06/22,31968.00 
EMP0372,Employee 372,Male,42 ,Customer Support,Team Lead,Mumbai,2023/03/06,52518.00 
EMP0373,Employee 373,Male,51 ,IT,Data Analyst,Mumbai,2023/01/16,76925.00 
EMP0374,Employee 374,Male,45 ,Customer Support,Support Analyst,Patna,2020/07/09,84848.00 
EMP0375,Employee 375,Male,51 ,Customer Support,Support Executive,Hyderabad,2024/09/21,26700.00 
EMP0376,Employee 376,Female,43 ,Operations,Operations Analyst,Hyderabad,2019/06/09,48199.00 
EMP0377,Employee 377,Male,49 ,Operations,Team Lead,Bengaluru,2025/11/15,69589.00 
EMP0378,Employee 378,Male,28 ,HR,HR Executive,Pune,2022/03/10,57115.00 
EMP0379,Employee 379,Male,49 ,IT,System Administrator,Bengaluru,2018/02/05,86934.00 
EMP0380,Employee 380,Female,35 ,Finance,Financial Analyst,Pune,2019/11/16,79316.00 
EMP0381,Employee 381,Male,31 ,Customer Support,Support Executive,Mumbai,2018/01/20,30520.00 
EMP0382,Employee 382,Male,37 ,IT,Software Engineer,Delhi,2024/06/26,61455.00 
EMP0383,Employee 383,Male,37 ,Finance,Financial Analyst,Bengaluru,2025/01/03,66605.00 
EMP0384,Employee 384,Male,52 ,HR,Recruiter,Bengaluru,2019/02/04,39955.00 
EMP0385,Employee 385,Female,46 ,Operations,Team Lead,Pune,2025/05/25,69049.00 
EMP0386,Employee 386,Female,34 ,Customer Support,Team Lead,Chennai,2020/08/29,38917.00 
EMP0387,Employee 387,Male,27 ,Finance,Finance Executive,Mumbai,2023/03/22,95293.00 
EMP0388,Employee 388,Female,30 ,Finance,Financial Analyst,Mumbai,2024/11/23,103581.00 
EMP0389,Employee 389,Female,41 ,Marketing,Digital Marketing Analyst,Kolkata,2021/03/12,89925.00 
EMP0390,Employee 390,Female,39 ,HR,HR Analyst,Chennai,2021/01/20,95269.00 
EMP0391,Employee 391,Male,42 ,IT,Data Analyst,Pune,2020/04/13,55954.00 
EMP0392,Employee 392,Male,25 ,HR,HR Executive,Mumbai,2022/12/29,97617.00 
EMP0393,Employee 393,Male,54 ,IT,System Administrator,Chennai,2025/08/06,66458.00 
EMP0394,Employee 394,Female,48 ,IT,Data Analyst,Patna,2023/06/06,46113.00 
EMP0395,Employee 395,Male,28 ,Operations,Operations Executive,Chennai,2020/05/03,68939.00 
EMP0396,Employee 396,Male,27 ,HR,Recruiter,Hyderabad,2018/02/20,54345.00 
EMP0397,Employee 397,Male,36 ,Customer Support,Team Lead,Kolkata,2019/07/29,71313.00 
EMP0398,Employee 398,Female,39 ,Finance,Finance Executive,Patna,2021/02/22,94166.00 
EMP0399,Employee 399,Male,53 ,Operations,Operations Executive,Delhi,2024/01/07,72861.00 
EMP0400,Employee 400,Female,32 ,Operations,Operations Executive,Bengaluru,2024/06/19,74298.00 
EMP0401,Employee 401,Female,41 ,IT,Software Engineer,Kolkata,2025/03/02,72221.00 
EMP0402,Employee 402,Male,45 ,Operations,Operations Analyst,Delhi,2024/06/10,69942.00 
EMP0403,Employee 403,Female,36 ,IT,Data Analyst,Bengaluru,2022/09/12,28453.00 
EMP0404,Employee 404,Male,28 ,Customer Support,Support Analyst,Hyderabad,2019/11/13,79935.00 
EMP0405,Employee 405,Female,42 ,IT,Software Engineer,Chennai,2020/04/17,68370.00 
EMP0406,Employee 406,Male,47 ,HR,HR Analyst,Mumbai,2020/12/13,33328.00 
EMP0407,Employee 407,Female,35 ,IT,System Administrator,Patna,2024/10/27,40534.00 
EMP0408,Employee 408,Female,42 ,Customer Support,Support Analyst,Pune,2025/04/14,109925.00 
EMP0409,Employee 409,Female,39 ,Operations,Operations Analyst,Patna,2024/04/30,61320.00 
EMP0410,Employee 410,Female,26 ,Operations,Team Lead,Hyderabad,2022/05/15,74170.00 
EMP0411,Employee 411,Male,24 ,IT,System Administrator,Delhi,2018/01/05,105201.00 
EMP0412,Employee 412,Female,44 ,Marketing,Digital Marketing Analyst,Pune,2021/01/31,33640.00 
EMP0413,Employee 413,Female,47 ,IT,Data Analyst,Mumbai,2021/05/04,55049.00 
EMP0414,Employee 414,Male,45 ,Customer Support,Team Lead,Hyderabad,2020/02/13,30618.00 
EMP0415,Employee 415,Male,40 ,IT,Software Engineer,Pune,2020/05/26,81053.00 
EMP0416,Employee 416,Female,46 ,IT,Data Analyst,Hyderabad,2020/09/18,26920.00 
EMP0417,Employee 417,Female,42 ,IT,System Administrator,Chennai,2018/02/16,68937.00 
EMP0418,Employee 418,Female,33 ,HR,HR Analyst,Hyderabad,2025/11/10,94724.00 
EMP0419,Employee 419,Male,54 ,Operations,Team Lead,Mumbai,2025/05/27,37207.00 
EMP0420,Employee 420,Female,25 ,IT,System Administrator,Kolkata,2018/09/26,90774.00 
EMP0421,Employee 421,Male,28 ,Marketing,Marketing Executive,Bengaluru,2019/01/05,57972.00 
EMP0422,Employee 422,Female,43 ,HR,HR Analyst,Pune,2019/09/28,35799.00 
EMP0423,Employee 423,Male,54 ,Operations,Operations Analyst,Chennai,2021/02/03,96088.00 
EMP0424,Employee 424,Female,38 ,HR,HR Executive,Mumbai,2022/08/21,53916.00 
EMP0425,Employee 425,Female,45 ,HR,HR Analyst,Hyderabad,2022/08/10,95463.00 
EMP0426,Employee 426,Male,49 ,Operations,Operations Executive,Chennai,2019/10/19,101700.00 
EMP0427,Employee 427,Female,43 ,IT,Data Analyst,Mumbai,2018/04/30,62158.00 
EMP0428,Employee 428,Male,38 ,IT,System Administrator,Kolkata,2020/04/10,109607.00 
EMP0429,Employee 429,Female,27 ,Customer Support,Support Analyst,Chennai,2022/12/16,96696.00 
EMP0430,Employee 430,Female,27 ,Customer Support,Team Lead,Chennai,2020/12/17,86510.00 
EMP0431,Employee 431,Male,22 ,Finance,Finance Executive,Bengaluru,2023/05/29,83692.00 
EMP0432,Employee 432,Female,31 ,Finance,Finance Executive,Patna,2021/10/01,86744.00 
EMP0433,Employee 433,Female,42 ,Operations,Team Lead,Pune,2020/01/11,40810.00 
EMP0434,Employee 434,Male,26 ,HR,HR Analyst,Bengaluru,2018/04/27,30126.00 
EMP0435,Employee 435,Male,23 ,IT,Software Engineer,Delhi,2023/01/28,55009.00 
EMP0436,Employee 436,Female,43 ,IT,System Administrator,Pune,2025/10/09,25192.00 
EMP0437,Employee 437,Female,23 ,Marketing,Content Specialist,Bengaluru,2021/02/24,61413.00 
EMP0438,Employee 438,Female,31 ,Operations,Operations Executive,Hyderabad,2023/04/16,37816.00 
EMP0439,Employee 439,Female,37 ,IT,Software Engineer,Pune,2020/10/09,64082.00 
EMP0440,Employee 440,Male,43 ,IT,Software Engineer,Pune,2022/07/23,90048.00 
EMP0441,Employee 441,Female,33 ,IT,Software Engineer,Mumbai,2020/12/17,75940.00 
EMP0442,Employee 442,Male,45 ,Operations,Operations Executive,Hyderabad,2019/09/26,57130.00 
EMP0443,Employee 443,Male,31 ,IT,Software Engineer,Delhi,2019/05/28,65142.00 
EMP0444,Employee 444,Male,53 ,IT,System Administrator,Patna,2025/10/20,61468.00 
EMP0445,Employee 445,Male,28 ,Marketing,Content Specialist,Chennai,2021/01/24,55698.00 
EMP0446,Employee 446,Male,42 ,IT,Data Analyst,Kolkata,2021/02/15,35655.00 
EMP0447,Employee 447,Male,41 ,Operations,Team Lead,Bengaluru,2019/07/14,72897.00 
EMP0448,Employee 448,Female,47 ,IT,System Administrator,Mumbai,2019/05/03,55075.00 
EMP0449,Employee 449,Male,25 ,IT,Software Engineer,Bengaluru,2020/06/15,34359.00 
EMP0450,Employee 450,Male,43 ,Finance,Financial Analyst,Delhi,2021/04/27,67056.00 
EMP0451,Employee 451,Male,36 ,Marketing,Content Specialist,Chennai,2019/12/05,76831.00 
EMP0452,Employee 452,Male,42 ,Customer Support,Support Analyst,Delhi,2022/01/10,84191.00 
EMP0453,Employee 453,Male,36 ,Customer Support,Support Executive,Pune,2019/08/04,58272.00 
EMP0454,Employee 454,Male,43 ,HR,HR Analyst,Kolkata,2025/10/08,39671.00 
EMP0455,Employee 455,Female,49 ,Operations,Team Lead,Delhi,2024/04/13,52048.00 
EMP0456,Employee 456,Female,35 ,IT,Data Analyst,Bengaluru,2018/06/03,101274.00 
EMP0457,Employee 457,Female,48 ,Finance,Accountant,Hyderabad,2022/08/07,50963.00 
EMP0458,Employee 458,Male,49 ,Customer Support,Support Executive,Hyderabad,2020/09/23,68954.00 
EMP0459,Employee 459,Male,47 ,IT,Data Analyst,Pune,2025/07/07,97309.00 
EMP0460,Employee 460,Female,23 ,IT,System Administrator,Patna,2021/05/28,25717.00 
EMP0461,Employee 461,Male,46 ,IT,System Administrator,Bengaluru,2020/12/28,36676.00 
EMP0462,Employee 462,Male,24 ,IT,Data Analyst,Bengaluru,2020/10/05,29434.00 
EMP0463,Employee 463,Male,29 ,IT,Data Analyst,Delhi,2023/11/12,74810.00 
EMP0464,Employee 464,Male,54 ,Operations,Operations Analyst,Kolkata,2022/11/09,29994.00 
EMP0465,Employee 465,Male,27 ,HR,Recruiter,Bengaluru,2020/08/15,29234.00 
EMP0466,Employee 466,Male,44 ,Customer Support,Support Executive,Mumbai,2019/03/29,94300.00 
EMP0467,Employee 467,Female,46 ,Customer Support,Support Analyst,Patna,2021/05/12,68949.00 
EMP0468,Employee 468,Male,40 ,Finance,Financial Analyst,Delhi,2024/03/15,62405.00 
EMP0469,Employee 469,Female,26 ,Finance,Finance Executive,Mumbai,2024/11/26,59872.00 
EMP0470,Employee 470,Female,32 ,Finance,Accountant,Pune,2024/10/15,67215.00 
EMP0471,Employee 471,Female,33 ,Operations,Operations Executive,Hyderabad,2024/07/16,48185.00 
EMP0472,Employee 472,Female,31 ,Finance,Accountant,Pune,2019/07/05,68442.00 
EMP0473,Employee 473,Female,29 ,Operations,Team Lead,Hyderabad,2022/06/24,76759.00 
EMP0474,Employee 474,Male,45 ,HR,HR Analyst,Pune,2021/08/05,66153.00 
EMP0475,Employee 475,Male,49 ,Operations,Team Lead,Bengaluru,2022/10/24,102535.00 
EMP0476,Employee 476,Male,42 ,HR,Recruiter,Mumbai,2018/12/23,27581.00 
EMP0477,Employee 477,Female,29 ,Finance,Accountant,Hyderabad,2023/09/02,76717.00 
EMP0478,Employee 478,Female,30 ,Customer Support,Support Executive,Delhi,2022/11/21,27763.00 
EMP0479,Employee 479,Male,36 ,Marketing,Content Specialist,Mumbai,2025/01/13,80480.00 
EMP0480,Employee 480,Female,39 ,IT,Data Analyst,Delhi,2022/11/17,63759.00 
EMP0481,Employee 481,Male,41 ,Customer Support,Team Lead,Mumbai,2025/10/20,101067.00 
EMP0482,Employee 482,Female,27 ,Operations,Team Lead,Mumbai,2025/09/10,50307.00 
EMP0483,Employee 483,Male,33 ,Customer Support,Support Executive,Pune,2024/10/25,36064.00 
EMP0484,Employee 484,Male,23 ,Marketing,Marketing Executive,Hyderabad,2022/06/20,101848.00 
EMP0485,Employee 485,Male,28 ,HR,HR Executive,Hyderabad,2025/09/17,62548.00 
EMP0486,Employee 486,Male,37 ,IT,Software Engineer,Kolkata,2020/10/12,61945.00 
EMP0487,Employee 487,Male,24 ,Finance,Finance Executive,Mumbai,2021/09/10,72937.00 
EMP0488,Employee 488,Male,24 ,Operations,Operations Executive,Bengaluru,2019/05/31,31476.00 
EMP0489,Employee 489,Female,48 ,Operations,Operations Executive,Bengaluru,2025/10/10,76756.00 
EMP0490,Employee 490,Male,54 ,Finance,Financial Analyst,Delhi,2018/12/02,27382.00 
EMP0491,Employee 491,Male,49 ,IT,Software Engineer,Delhi,2022/11/18,74683.00 
EMP0492,Employee 492,Female,22 ,Customer Support,Team Lead,Pune,2024/04/24,70276.00 
EMP0493,Employee 493,Female,29 ,Customer Support,Support Executive,Mumbai,2019/05/12,58402.00 
EMP0494,Employee 494,Male,53 ,Operations,Team Lead,Delhi,2020/06/14,51946.00 
EMP0495,Employee 495,Male,25 ,IT,Data Analyst,Delhi,2024/01/17,104698.00 
EMP0496,Employee 496,Male,51 ,Finance,Finance Executive,Patna,2020/05/01,98933.00 
EMP0497,Employee 497,Male,27 ,IT,System Administrator,Mumbai,2022/08/15,47335.00 
EMP0498,Employee 498,Female,40 ,Customer Support,Support Executive,Chennai,2023/04/16,70095.00 
EMP0499,Employee 499,Male,53 ,IT,Data Analyst,Pune,2025/06/30,104930.00 
EMP0500,Employee 500,Male,30 ,Operations,Operations Analyst,Delhi,2024/08/24,52197.00 
EMP0501,Employee 501,Female,33 ,Finance,Accountant,Pune,2022/04/18,47010.00 
EMP0502,Employee 502,Male,32 ,Operations,Operations Analyst,Hyderabad,2020/08/14,49123.00 
EMP0503,Employee 503,Male,37 ,Operations,Team Lead,Pune,2025/07/01,27890.00 
EMP0504,Employee 504,Male,22 ,Customer Support,Support Analyst,Chennai,2022/06/25,33026.00 
EMP0505,Employee 505,Female,42 ,IT,System Administrator,Bengaluru,2021/07/15,89925.00 
EMP0506,Employee 506,Male,51 ,IT,System Administrator,Chennai,2021/12/11,93842.00 
EMP0507,Employee 507,Female,34 ,IT,System Administrator,Bengaluru,2021/04/06,58665.00 
EMP0508,Employee 508,Male,25 ,Customer Support,Support Analyst,Pune,2020/12/02,34277.00 
EMP0509,Employee 509,Male,49 ,Customer Support,Support Executive,Bengaluru,2018/10/12,67239.00 
EMP0510,Employee 510,Female,52 ,Operations,Operations Executive,Hyderabad,2024/09/10,72664.00 
EMP0511,Employee 511,Female,48 ,Operations,Operations Analyst,Mumbai,2018/01/12,73008.00 
EMP0512,Employee 512,Female,26 ,Operations,Operations Executive,Bengaluru,2022/06/19,39683.00 
EMP0513,Employee 513,Female,46 ,IT,Software Engineer,Bengaluru,2024/12/21,25670.00 
EMP0514,Employee 514,Female,24 ,Customer Support,Team Lead,Pune,2020/01/24,42889.00 
EMP0515,Employee 515,Male,54 ,HR,HR Analyst,Hyderabad,2023/09/14,80612.00 
EMP0516,Employee 516,Male,25 ,HR,Recruiter,Kolkata,2025/08/06,69535.00 
EMP0517,Employee 517,Female,46 ,Operations,Operations Analyst,Kolkata,2025/12/06,103542.00 
EMP0518,Employee 518,Male,41 ,IT,Software Engineer,Kolkata,2018/03/31,79319.00 
EMP0519,Employee 519,Female,47 ,IT,System Administrator,Kolkata,2020/02/15,46639.00 
EMP0520,Employee 520,Female,26 ,Marketing,Digital Marketing Analyst,Mumbai,2025/04/06,89712.00 
EMP0521,Employee 521,Male,49 ,IT,Data Analyst,Chennai,2022/06/14,41633.00 
EMP0522,Employee 522,Male,50 ,Operations,Operations Analyst,Pune,2019/02/22,59660.00 
EMP0523,Employee 523,Female,30 ,Finance,Accountant,Pune,2018/04/25,93975.00 
EMP0524,Employee 524,Male,27 ,HR,Recruiter,Patna,2019/09/09,57172.00 
EMP0525,Employee 525,Female,40 ,Finance,Accountant,Hyderabad,2020/04/05,84197.00 
EMP0526,Employee 526,Male,32 ,Finance,Financial Analyst,Kolkata,2022/07/08,83847.00 
EMP0527,Employee 527,Female,23 ,Marketing,Content Specialist,Mumbai,2022/02/25,36577.00 
EMP0528,Employee 528,Male,30 ,Finance,Finance Executive,Hyderabad,2019/02/17,102299.00 
EMP0529,Employee 529,Female,42 ,Operations,Operations Analyst,Kolkata,2019/12/30,45176.00 
EMP0530,Employee 530,Male,45 ,HR,HR Analyst,Mumbai,2025/09/09,69386.00 
EMP0531,Employee 531,Female,43 ,Operations,Team Lead,Hyderabad,2019/11/07,88972.00 
EMP0532,Employee 532,Male,24 ,Customer Support,Team Lead,Pune,2023/03/08,66003.00 
EMP0533,Employee 533,Female,33 ,Marketing,Digital Marketing Analyst,Pune,2024/11/09,44996.00 
EMP0534,Employee 534,Female,49 ,IT,Data Analyst,Chennai,2024/02/18,60931.00 
EMP0535,Employee 535,Male,51 ,IT,System Administrator,Delhi,2025/08/18,60710.00 
EMP0536,Employee 536,Male,47 ,Finance,Finance Executive,Chennai,2021/01/27,59693.00 
EMP0537,Employee 537,Male,42 ,Operations,Operations Analyst,Bengaluru,2022/04/21,60740.00 
EMP0538,Employee 538,Female,49 ,IT,Software Engineer,Chennai,2020/09/04,102241.00 
EMP0539,Employee 539,Female,47 ,Operations,Team Lead,Kolkata,2020/10/05,101502.00 
EMP0540,Employee 540,Male,54 ,Operations,Operations Executive,Patna,2023/11/14,42374.00 
EMP0541,Employee 541,Male,42 ,Finance,Finance Executive,Hyderabad,2022/08/15,101674.00 
EMP0542,Employee 542,Male,39 ,Marketing,Marketing Executive,Patna,2025/06/03,106471.00 
EMP0543,Employee 543,Female,32 ,IT,Software Engineer,Delhi,2018/02/06,70913.00 
EMP0544,Employee 544,Male,44 ,IT,Software Engineer,Bengaluru,2022/03/29,91025.00 
EMP0545,Employee 545,Female,43 ,Marketing,Digital Marketing Analyst,Hyderabad,2024/05/15,69516.00 
EMP0546,Employee 546,Male,38 ,Operations,Operations Executive,Mumbai,2024/03/14,51069.00 
EMP0547,Employee 547,Female,26 ,Marketing,Marketing Executive,Kolkata,2020/05/22,81233.00 
EMP0548,Employee 548,Male,32 ,HR,HR Executive,Bengaluru,2022/12/27,109811.00 
EMP0549,Employee 549,Male,51 ,Finance,Finance Executive,Pune,2021/07/20,84049.00 
EMP0550,Employee 550,Female,36 ,Customer Support,Support Executive,Delhi,2023/10/11,64178.00 
EMP0551,Employee 551,Female,48 ,Marketing,Content Specialist,Bengaluru,2019/08/19,57821.00 
EMP0552,Employee 552,Female,54 ,Marketing,Marketing Executive,Kolkata,2023/03/19,76727.00 
EMP0553,Employee 553,Male,41 ,Finance,Financial Analyst,Chennai,2019/12/30,85935.00 
EMP0554,Employee 554,Male,37 ,Operations,Operations Analyst,Bengaluru,2021/09/27,41999.00 
EMP0555,Employee 555,Female,23 ,Finance,Finance Executive,Chennai,2019/02/01,87522.00 
EMP0556,Employee 556,Male,49 ,IT,Software Engineer,Kolkata,2019/11/30,63712.00 
EMP0557,Employee 557,Male,27 ,Customer Support,Team Lead,Pune,2024/02/03,89551.00 
EMP0558,Employee 558,Male,30 ,IT,System Administrator,Hyderabad,2022/06/24,65172.00 
EMP0559,Employee 559,Male,41 ,Customer Support,Support Analyst,Mumbai,2019/01/31,58722.00 
EMP0560,Employee 560,Female,22 ,HR,Recruiter,Pune,2024/10/28,35625.00 
EMP0561,Employee 561,Male,29 ,IT,Data Analyst,Chennai,2018/03/17,92165.00 
EMP0562,Employee 562,Male,44 ,Operations,Operations Analyst,Chennai,2018/09/22,101509.00 
EMP0563,Employee 563,Male,24 ,Customer Support,Support Analyst,Mumbai,2024/11/07,31859.00 
EMP0564,Employee 564,Male,25 ,Marketing,Digital Marketing Analyst,Hyderabad,2022/12/25,66609.00 
EMP0565,Employee 565,Male,46 ,Customer Support,Support Analyst,Bengaluru,2019/12/19,68307.00 
EMP0566,Employee 566,Male,36 ,Operations,Operations Analyst,Mumbai,2025/08/14,46839.00 
EMP0567,Employee 567,Male,42 ,Marketing,Marketing Executive,Delhi,2020/04/30,52216.00 
EMP0568,Employee 568,Female,35 ,Customer Support,Team Lead,Delhi,2021/10/22,77953.00 
EMP0569,Employee 569,Male,33 ,Finance,Accountant,Kolkata,2018/05/24,109481.00 
EMP0570,Employee 570,Male,38 ,Operations,Operations Analyst,Pune,2020/06/03,85593.00 
EMP0571,Employee 571,Female,30 ,IT,System Administrator,Chennai,2019/01/31,97075.00 
EMP0572,Employee 572,Female,34 ,Customer Support,Support Executive,Hyderabad,2022/02/01,74522.00 
EMP0573,Employee 573,Male,36 ,Customer Support,Team Lead,Kolkata,2021/03/13,29886.00 
EMP0574,Employee 574,Male,39 ,IT,System Administrator,Pune,2025/03/01,32485.00 
EMP0575,Employee 575,Male,54 ,Marketing,Digital Marketing Analyst,Pune,2020/11/28,56455.00 
EMP0576,Employee 576,Female,27 ,Customer Support,Team Lead,Kolkata,2023/11/27,41767.00 
EMP0577,Employee 577,Female,48 ,IT,System Administrator,Patna,2020/12/01,53453.00 
EMP0578,Employee 578,Female,44 ,Operations,Operations Analyst,Pune,2021/04/24,101280.00 
EMP0579,Employee 579,Male,48 ,Customer Support,Support Analyst,Patna,2024/09/11,78442.00 
EMP0580,Employee 580,Female,35 ,IT,Data Analyst,Delhi,2019/09/26,76877.00 
EMP0581,Employee 581,Male,29 ,Marketing,Digital Marketing Analyst,Delhi,2021/03/02,37226.00 
EMP0582,Employee 582,Male,40 ,Finance,Finance Executive,Pune,2021/05/23,47588.00 
EMP0583,Employee 583,Male,51 ,Customer Support,Team Lead,Delhi,2020/01/03,103976.00 
EMP0584,Employee 584,Female,35 ,Customer Support,Support Executive,Hyderabad,2018/08/23,56709.00 
EMP0585,Employee 585,Male,41 ,Customer Support,Support Executive,Patna,2025/05/29,72788.00 
EMP0586,Employee 586,Female,46 ,HR,HR Analyst,Patna,2020/01/21,62019.00 
EMP0587,Employee 587,Male,45 ,Customer Support,Support Executive,Pune,2025/03/20,69948.00 
EMP0588,Employee 588,Male,35 ,Customer Support,Team Lead,Delhi,2020/08/11,90133.00 
EMP0589,Employee 589,Male,47 ,Finance,Financial Analyst,Mumbai,2024/12/14,91458.00 
EMP0590,Employee 590,Male,44 ,Customer Support,Support Analyst,Chennai,2022/03/23,52526.00 
EMP0591,Employee 591,Female,43 ,IT,Software Engineer,Kolkata,2021/04/12,98493.00 
EMP0592,Employee 592,Male,40 ,Operations,Operations Analyst,Kolkata,2022/08/04,77198.00 
EMP0593,Employee 593,Female,24 ,IT,Data Analyst,Patna,2021/04/06,68395.00 
EMP0594,Employee 594,Female,40 ,IT,Data Analyst,Pune,2024/01/27,49031.00 
EMP0595,Employee 595,Female,30 ,IT,Data Analyst,Pune,2021/11/17,100542.00 
EMP0596,Employee 596,Male,49 ,Marketing,Marketing Executive,Hyderabad,2025/10/13,62701.00 
EMP0597,Employee 597,Male,41 ,Finance,Finance Executive,Bengaluru,2025/05/05,50939.00 
EMP0598,Employee 598,Male,28 ,Marketing,Digital Marketing Analyst,Chennai,2021/05/02,74145.00 
EMP0599,Employee 599,Female,35 ,IT,Software Engineer,Bengaluru,2022/03/21,45324.00 
EMP0600,Employee 600,Female,30 ,Finance,Accountant,Patna,2023/09/08,47867.00 