employee_id,review_year,performance_score,training_hours,promotion
EMP0001,2026,2.7 ,19 ,No
EMP0002,2026,2.1 ,47 ,No
EMP0003,2026,3.6 ,37 ,No
EMP0004,2026,2.3 ,57 ,No
EMP0005,2026,3.4 ,35 ,No
EMP0006,2026,3.2 ,39 ,No
EMP0007,2026,3.8 ,21 ,No
EMP0008,2026,3.2 ,32 ,No
EMP0009,2026,3.1 ,23 ,No
EMP0010,2026,3.8 ,50 ,No
EMP0011,2026,3.6 ,58 ,Yes
EMP0012,2026,3.6 ,27 ,No
EMP0013,2026,3.7 ,36 ,No
EMP0014,2026,2.4 ,44 ,No
EMP0015,2026,3.8 ,17 ,No
EMP0016,2026,3.7 ,24 ,No
EMP0017,2026,2.7 ,39 ,Yes
EMP0018,2026,3.2 ,9 ,No
EMP0019,2026,3.3 ,13 ,No
EMP0020,2026,3.3 ,33 ,No
EMP0021,2026,3.6 ,10 ,Yes
EMP0022,2026,4.3 ,29 ,No
EMP0023,2026,4.1 ,35 ,No
EMP0024,2026,2.5 ,26 ,Yes
EMP0025,2026,3.8 ,6 ,No
EMP0026,2026,4.2 ,49 ,Yes
EMP0027,2026,3.6 ,9 ,No
EMP0028,2026,4.1 ,31 ,No
EMP0029,2026,4.7 ,29 ,No
EMP0030,2026,4.0 ,12 ,No
EMP0031,2026,3.5 ,59 ,No
EMP0032,2026,4.0 ,5 ,Yes
EMP0033,2026,3.4 ,24 ,Yes
EMP0034,2026,3.4 ,48 ,No
EMP0035,2026,3.1 ,27 ,No
EMP0036,2026,4.4 ,36 ,No
EMP0037,2026,2.8 ,15 ,No
EMP0038,2026,4.3 ,43 ,No
EMP0039,2026,3.7 ,51 ,No
EMP0040,2026,2.4 ,58 ,No
EMP0041,2026,3.6 ,28 ,No
EMP0042,2026,2.0 ,15 ,No
EMP0043,2026,3.8 ,33 ,Yes
EMP0044,2026,3.9 ,58 ,No
EMP0045,2026,3.0 ,30 ,Yes
EMP0046,2026,3.4 ,20 ,No
EMP0047,2026,4.6 ,39 ,No
EMP0048,2026,3.0 ,24 ,No
EMP0049,2026,2.7 ,50 ,No
EMP0050,2026,4.3 ,7 ,No
EMP0051,2026,4.6 ,5 ,No
EMP0052,2026,3.4 ,57 ,Yes
EMP0053,2026,4.0 ,51 ,Yes
EMP0054,2026,4.2 ,5 ,Yes
EMP0055,2026,2.9 ,21 ,No
EMP0056,2026,3.0 ,6 ,Yes
EMP0057,2026,4.2 ,33 ,No
EMP0058,2026,4.4 ,24 ,No
EMP0059,2026,3.7 ,10 ,No
EMP0060,2026,2.8 ,12 ,Yes
EMP0061,2026,4.6 ,33 ,No
EMP0062,2026,3.0 ,52 ,No
EMP0063,2026,3.1 ,55 ,No
EMP0064,2026,3.6 ,37 ,No
EMP0065,2026,4.4 ,7 ,Yes
EMP0066,2026,3.9 ,39 ,Yes
EMP0067,2026,3.6 ,9 ,No
EMP0068,2026,3.7 ,31 ,No
EMP0069,2026,3.4 ,48 ,No
EMP0070,2026,3.7 ,16 ,No
EMP0071,2026,1.7 ,24 ,No
EMP0072,2026,3.2 ,49 ,No
EMP0073,2026,3.5 ,24 ,No
EMP0074,2026,2.6 ,13 ,No
EMP0075,2026,3.6 ,43 ,No
EMP0076,2026,3.2 ,8 ,No
EMP0077,2026,4.5 ,55 ,Yes
EMP0078,2026,4.4 ,58 ,No
EMP0079,2026,3.0 ,23 ,No
EMP0080,2026,3.3 ,42 ,No
EMP0081,2026,3.3 ,31 ,No
EMP0082,2026,3.1 ,49 ,Yes
EMP0083,2026,3.5 ,47 ,No
EMP0084,2026,2.9 ,17 ,No
EMP0085,2026,2.6 ,17 ,No
EMP0086,2026,3.8 ,26 ,No
EMP0087,2026,3.8 ,32 ,No
EMP0088,2026,2.8 ,56 ,No
EMP0089,2026,3.9 ,51 ,No
EMP0090,2026,2.9 ,57 ,No
EMP0091,2026,3.5 ,49 ,Yes
EMP0092,2026,3.9 ,26 ,No
EMP0093,2026,3.3 ,47 ,No
EMP0094,2026,3.6 ,23 ,No
EMP0095,2026,3.0 ,12 ,No
EMP0096,2026,3.2 ,56 ,No
EMP0097,2026,3.2 ,12 ,No
EMP0098,2026,2.9 ,46 ,No
EMP0099,2026,3.2 ,30 ,No
EMP0100,2026,2.3 ,52 ,No
EMP0101,2026,3.0 ,55 ,Yes
EMP0102,2026,3.2 ,30 ,No
EMP0103,2026,3.2 ,27 ,No
EMP0104,2026,3.2 ,47 ,No
EMP0105,2026,3.3 ,17 ,Yes
EMP0106,2026,3.7 ,32 ,No
EMP0107,2026,3.9 ,13 ,No
EMP0108,2026,2.9 ,24 ,No
EMP0109,2026,2.6 ,60 ,No
EMP0110,2026,2.7 ,23 ,No
EMP0111,2026,3.0 ,52 ,No
EMP0112,2026,3.1 ,43 ,No
EMP0113,2026,2.8 ,55 ,No
EMP0114,2026,2.5 ,16 ,Yes
EMP0115,2026,3.1 ,19 ,No
EMP0116,2026,3.5 ,35 ,No
EMP0117,2026,3.7 ,59 ,No
EMP0118,2026,3.0 ,18 ,No
EMP0119,2026,3.1 ,15 ,No
EMP0120,2026,2.7 ,30 ,No
EMP0121,2026,3.3 ,46 ,Yes
EMP0122,2026,2.8 ,31 ,No
EMP0123,2026,3.7 ,15 ,No
EMP0124,2026,2.2 ,42 ,No
EMP0125,2026,3.1 ,38 ,Yes
EMP0126,2026,3.5 ,47 ,No
EMP0127,2026,3.5 ,23 ,Yes
EMP0128,2026,5.0 ,10 ,No
EMP0129,2026,3.6 ,50 ,No
EMP0130,2026,2.7 ,56 ,No
EMP0131,2026,3.3 ,42 ,No
EMP0132,2026,2.2 ,53 ,No
EMP0133,2026,3.3 ,46 ,No
EMP0134,2026,2.8 ,32 ,No
EMP0135,2026,3.9 ,5 ,No
EMP0136,2026,3.0 ,39 ,Yes
EMP0137,2026,3.3 ,44 ,No
EMP0138,2026,2.9 ,12 ,No
EMP0139,2026,4.5 ,56 ,No
EMP0140,2026,3.1 ,58 ,No
EMP0141,2026,4.5 ,51 ,No
EMP0142,2026,3.9 ,60 ,No
EMP0143,2026,3.7 ,11 ,No
EMP0144,2026,3.6 ,15 ,Yes
EMP0145,2026,3.6 ,43 ,No
EMP0146,2026,2.1 ,8 ,No
EMP0147,2026,3.2 ,29 ,No
EMP0148,2026,3.9 ,16 ,Yes
EMP0149,2026,3.3 ,30 ,No
EMP0150,2026,2.4 ,42 ,No
EMP0151,2026,3.3 ,50 ,No
EMP0152,2026,4.5 ,16 ,No
EMP0153,2026,4.2 ,47 ,No
EMP0154,2026,3.3 ,55 ,No
EMP0155,2026,4.0 ,57 ,No
EMP0156,2026,3.1 ,41 ,No
EMP0157,2026,2.2 ,50 ,Yes
EMP0158,2026,2.7 ,57 ,No
EMP0159,2026,4.4 ,28 ,No
EMP0160,2026,3.2 ,20 ,No
EMP0161,2026,3.2 ,17 ,No
EMP0162,2026,3.2 ,29 ,No
EMP0163,2026,4.6 ,58 ,Yes
EMP0164,2026,4.4 ,58 ,Yes
EMP0165,2026,4.8 ,56 ,No
EMP0166,2026,3.2 ,58 ,No
EMP0167,2026,3.5 ,8 ,No
EMP0168,2026,2.4 ,15 ,No
EMP0169,2026,4.3 ,36 ,Yes
EMP0170,2026,2.6 ,53 ,No
EMP0171,2026,3.5 ,11 ,No
EMP0172,2026,2.6 ,50 ,Yes
EMP0173,2026,3.0 ,15 ,No
EMP0174,2026,2.8 ,32 ,No
EMP0175,2026,3.0 ,58 ,No
EMP0176,2026,3.0 ,45 ,No
EMP0177,2026,3.0 ,27 ,No
EMP0178,2026,3.9 ,49 ,No
EMP0179,2026,2.6 ,27 ,No
EMP0180,2026,3.5 ,54 ,Yes
EMP0181,2026,4.1 ,32 ,No
EMP0182,2026,3.0 ,47 ,No
EMP0183,2026,2.9 ,51 ,No
EMP0184,2026,3.2 ,30 ,No
EMP0185,2026,4.1 ,29 ,No
EMP0186,2026,3.5 ,58 ,No
EMP0187,2026,3.0 ,33 ,Yes
EMP0188,2026,3.7 ,23 ,No
EMP0189,2026,2.6 ,37 ,No
EMP0190,2026,3.8 ,40 ,Yes
EMP0191,2026,3.6 ,18 ,No
EMP0192,2026,3.1 ,18 ,No
EMP0193,2026,2.8 ,39 ,No
EMP0194,2026,2.8 ,34 ,No
EMP0195,2026,3.7 ,32 ,No
EMP0196,2026,4.1 ,21 ,No
EMP0197,2026,2.9 ,7 ,No
EMP0198,2026,3.6 ,20 ,No
EMP0199,2026,2.0 ,50 ,No
EMP0200,2026,3.0 ,34 ,Yes
EMP0201,2026,3.3 ,56 ,Yes
EMP0202,2026,2.8 ,33 ,No
EMP0203,2026,2.7 ,49 ,No
EMP0204,2026,2.9 ,19 ,No
EMP0205,2026,3.5 ,50 ,No
EMP0206,2026,3.2 ,60 ,No
EMP0207,2026,1.9 ,29 ,No
EMP0208,2026,2.0 ,55 ,No
EMP0209,2026,3.0 ,42 ,No
EMP0210,2026,3.6 ,46 ,No
EMP0211,2026,1.6 ,51 ,No
EMP0212,2026,3.0 ,57 ,Yes
EMP0213,2026,3.0 ,58 ,No
EMP0214,2026,4.3 ,56 ,No
EMP0215,2026,3.1 ,42 ,Yes
EMP0216,2026,3.6 ,27 ,No
EMP0217,2026,3.4 ,29 ,No
EMP0218,2026,2.0 ,46 ,No
EMP0219,2026,3.8 ,11 ,No
EMP0220,2026,3.5 ,26 ,No
EMP0221,2026,3.7 ,21 ,Yes
EMP0222,2026,5.0 ,22 ,No
EMP0223,2026,2.0 ,53 ,No
EMP0224,2026,4.5 ,45 ,No
EMP0225,2026,3.2 ,14 ,No
EMP0226,2026,3.5 ,14 ,No
EMP0227,2026,3.3 ,11 ,No
EMP0228,2026,3.1 ,52 ,No
EMP0229,2026,3.0 ,54 ,No
EMP0230,2026,3.6 ,42 ,No
EMP0231,2026,2.4 ,31 ,No
EMP0232,2026,3.8 ,56 ,No
EMP0233,2026,3.1 ,37 ,No
EMP0234,2026,2.6 ,5 ,No
EMP0235,2026,3.1 ,48 ,Yes
EMP0236,2026,4.2 ,57 ,Yes
EMP0237,2026,3.0 ,38 ,No
EMP0238,2026,3.6 ,8 ,Yes
EMP0239,2026,2.9 ,21 ,Yes
EMP0240,2026,3.8 ,8 ,No
EMP0241,2026,3.8 ,47 ,No
EMP0242,2026,4.6 ,58 ,No
EMP0243,2026,3.2 ,30 ,Yes
EMP0244,2026,3.8 ,8 ,Yes
EMP0245,2026,3.4 ,5 ,Yes
EMP0246,2026,4.2 ,11 ,No
EMP0247,2026,2.9 ,34 ,No
EMP0248,2026,3.8 ,54 ,No
EMP0249,2026,3.2 ,13 ,Yes
EMP0250,2026,3.3 ,39 ,No
EMP0251,2026,3.4 ,12 ,No
EMP0252,2026,3.5 ,28 ,No
EMP0253,2026,3.3 ,23 ,No
EMP0254,2026,3.5 ,40 ,No
EMP0255,2026,4.4 ,54 ,Yes
EMP0256,2026,4.0 ,56 ,Yes
EMP0257,2026,3.9 ,47 ,No
EMP0258,2026,3.1 ,31 ,No
EMP0259,2026,2.8 ,36 ,Yes
EMP0260,2026,4.0 ,18 ,Yes
EMP0261,2026,3.9 ,22 ,Yes
EMP0262,2026,4.3 ,32 ,No
EMP0263,2026,3.0 ,33 ,No
EMP0264,2026,3.2 ,20 ,No
EMP0265,2026,2.3 ,39 ,No
EMP0266,2026,3.1 ,51 ,No
EMP0267,2026,4.0 ,35 ,No
EMP0268,2026,3.0 ,8 ,No
EMP0269,2026,3.8 ,41 ,No
EMP0270,2026,3.2 ,21 ,Yes
EMP0271,2026,3.6 ,43 ,No
EMP0272,2026,2.6 ,52 ,No
EMP0273,2026,3.4 ,50 ,No
EMP0274,2026,1.4 ,30 ,No
EMP0275,2026,3.2 ,52 ,No
EMP0276,2026,2.3 ,43 ,No
EMP0277,2026,4.1 ,45 ,No
EMP0278,2026,3.9 ,8 ,No
EMP0279,2026,3.7 ,34 ,No
EMP0280,2026,4.3 ,34 ,No
EMP0281,2026,2.7 ,26 ,Yes
EMP0282,2026,4.5 ,15 ,No
EMP0283,2026,4.0 ,6 ,No
EMP0284,2026,3.2 ,48 ,Yes
EMP0285,2026,4.1 ,16 ,No
EMP0286,2026,2.6 ,34 ,No
EMP0287,2026,2.8 ,40 ,No
EMP0288,2026,3.0 ,22 ,No
EMP0289,2026,3.0 ,30 ,No
EMP0290,2026,2.7 ,57 ,Yes
EMP0291,2026,4.1 ,11 ,No
EMP0292,2026,3.2 ,5 ,No
EMP0293,2026,3.6 ,30 ,No
EMP0294,2026,3.0 ,27 ,Yes
EMP0295,2026,2.2 ,30 ,Yes
EMP0296,2026,3.5 ,49 ,No
EMP0297,2026,2.1 ,10 ,No
EMP0298,2026,3.3 ,10 ,No
EMP0299,2026,2.5 ,48 ,No
EMP0300,2026,4.6 ,12 ,No
EMP0301,2026,3.9 ,28 ,No
EMP0302,2026,3.4 ,26 ,No
EMP0303,2026,4.2 ,23 ,No
EMP0304,2026,2.8 ,41 ,Yes
EMP0305,2026,3.7 ,22 ,No
EMP0306,2026,3.5 ,35 ,Yes
EMP0307,2026,3.5 ,41 ,No
EMP0308,2026,4.2 ,34 ,No
EMP0309,2026,3.8 ,46 ,No
EMP0310,2026,3.5 ,37 ,Yes
EMP0311,2026,2.3 ,14 ,No
EMP0312,2026,2.7 ,41 ,Yes
EMP0313,2026,3.3 ,16 ,No
EMP0314,2026,3.4 ,58 ,Yes
EMP0315,2026,2.6 ,34 ,Yes
EMP0316,2026,4.9 ,31 ,No
EMP0317,2026,4.3 ,43 ,Yes
EMP0318,2026,3.7 ,13 ,No
EMP0319,2026,3.4 ,58 ,No
EMP0320,2026,3.2 ,25 ,Yes
EMP0321,2026,2.7 ,16 ,No
EMP0322,2026,3.4 ,59 ,No
EMP0323,2026,3.5 ,33 ,No
EMP0324,2026,2.5 ,37 ,Yes
EMP0325,2026,3.6 ,47 ,No
EMP0326,2026,3.2 ,57 ,Yes
EMP0327,2026,2.1 ,19 ,No
EMP0328,2026,2.8 ,6 ,No
EMP0329,2026,3.1 ,56 ,No
EMP0330,2026,4.6 ,43 ,No
EMP0331,2026,3.7 ,57 ,No
EMP0332,2026,2.5 ,48 ,No
EMP0333,2026,3.7 ,58 ,Yes
EMP0334,2026,2.3 ,22 ,No
EMP0335,2026,4.1 ,7 ,No
EMP0336,2026,3.0 ,11 ,No
EMP0337,2026,3.3 ,47 ,No
EMP0338,2026,4.2 ,22 ,No
EMP0339,2026,2.5 ,48 ,Yes
EMP0340,2026,2.4 ,42 ,No
EMP0341,2026,3.0 ,41 ,Yes
EMP0342,2026,4.0 ,37 ,No
EMP0343,2026,2.4 ,48 ,No
EMP0344,2026,1.5 ,35 ,No
EMP0345,2026,3.1 ,15 ,No
EMP0346,2026,3.7 ,8 ,No
EMP0347,2026,4.1 ,22 ,Yes
EMP0348,2026,3.0 ,8 ,No
EMP0349,2026,3.1 ,53 ,Yes
EMP0350,2026,4.1 ,38 ,No
EMP0351,2026,2.1 ,33 ,No
EMP0352,2026,3.1 ,28 ,Yes
EMP0353,2026,3.5 ,26 ,No
EMP0354,2026,3.6 ,6 ,No
EMP0355,2026,3.0 ,48 ,No
EMP0356,2026,3.4 ,10 ,No
EMP0357,2026,1.7 ,46 ,Yes
EMP0358,2026,2.9 ,29 ,Yes
EMP0359,2026,3.6 ,59 ,No
EMP0360,2026,2.7 ,25 ,No
EMP0361,2026,3.4 ,59 ,Yes
EMP0362,2026,3.6 ,20 ,No
EMP0363,2026,3.1 ,35 ,Yes
EMP0364,2026,3.5 ,18 ,No
EMP0365,2026,2.7 ,43 ,No
EMP0366,2026,3.2 ,32 ,No
EMP0367,2026,3.7 ,36 ,No
EMP0368,2026,3.5 ,32 ,No
EMP0369,2026,3.0 ,55 ,Yes
EMP0370,2026,3.5 ,59 ,Yes
EMP0371,2026,3.8 ,53 ,No
EMP0372,2026,2.0 ,13 ,No
EMP0373,2026,4.1 ,49 ,No
EMP0374,2026,3.1 ,26 ,No
EMP0375,2026,3.6 ,36 ,No
EMP0376,2026,4.1 ,9 ,Yes
EMP0377,2026,2.5 ,27 ,No
EMP0378,2026,2.9 ,9 ,No
EMP0379,2026,3.2 ,46 ,No
EMP0380,2026,2.8 ,57 ,No
EMP0381,2026,4.5 ,36 ,Yes
EMP0382,2026,2.8 ,14 ,No
EMP0383,2026,3.0 ,43 ,No
EMP0384,2026,3.5 ,19 ,No
EMP0385,2026,2.6 ,11 ,Yes
EMP0386,2026,3.1 ,33 ,Yes
EMP0387,2026,3.6 ,51 ,No
EMP0388,2026,3.1 ,7 ,No
EMP0389,2026,3.3 ,23 ,No
EMP0390,2026,3.0 ,14 ,No
EMP0391,2026,2.4 ,32 ,No
EMP0392,2026,3.6 ,33 ,No
EMP0393,2026,4.5 ,19 ,No
EMP0394,2026,3.4 ,39 ,Yes
EMP0395,2026,3.5 ,10 ,No
EMP0396,2026,3.8 ,16 ,No
EMP0397,2026,2.5 ,51 ,Yes
EMP0398,2026,4.5 ,42 ,Yes
EMP0399,2026,3.5 ,17 ,No
EMP0400,2026,4.4 ,33 ,No
EMP0401,2026,2.9 ,23 ,No
EMP0402,2026,4.5 ,7 ,Yes
EMP0403,2026,3.9 ,12 ,No
EMP0404,2026,3.7 ,12 ,No
EMP0405,2026,3.5 ,59 ,Yes
EMP0406,2026,3.2 ,24 ,No
EMP0407,2026,4.1 ,51 ,No
EMP0408,2026,3.4 ,8 ,No
EMP0409,2026,2.1 ,55 ,Yes
EMP0410,2026,2.6 ,25 ,Yes
EMP0411,2026,3.2 ,7 ,No
EMP0412,2026,3.6 ,49 ,Yes
EMP0413,2026,3.3 ,12 ,No
EMP0414,2026,4.1 ,27 ,Yes
EMP0415,2026,2.1 ,20 ,No
EMP0416,2026,3.4 ,17 ,Yes
EMP0417,2026,2.2 ,7 ,No
EMP0418,2026,3.8 ,52 ,No
EMP0419,2026,3.3 ,13 ,Yes
EMP0420,2026,3.6 ,18 ,No
EMP0421,2026,2.8 ,17 ,Yes
EMP0422,2026,4.2 ,57 ,No
EMP0423,2026,4.0 ,11 ,No
EMP0424,2026,3.7 ,19 ,No
EMP0425,2026,3.3 ,11 ,No
EMP0426,2026,3.7 ,42 ,No
EMP0427,2026,2.9 ,38 ,Yes
EMP0428,2026,3.9 ,45 ,Yes
EMP0429,2026,4.4 ,26 ,No
EMP0430,2026,4.0 ,28 ,No
EMP0431,2026,2.9 ,53 ,No
EMP0432,2026,3.6 ,41 ,No
EMP0433,2026,2.5 ,48 ,No
EMP0434,2026,3.7 ,5 ,No
EMP0435,2026,3.6 ,14 ,No
EMP0436,2026,2.1 ,47 ,No
EMP0437,2026,2.6 ,20 ,No
EMP0438,2026,3.2 ,50 ,Yes
EMP0439,2026,3.2 ,12 ,No
EMP0440,2026,2.6 ,60 ,No
EMP0441,2026,3.6 ,53 ,No
EMP0442,2026,3.5 ,29 ,No
EMP0443,2026,3.2 ,54 ,No
EMP0444,2026,2.9 ,16 ,No
EMP0445,2026,4.0 ,29 ,No
EMP0446,2026,4.4 ,21 ,No
EMP0447,2026,3.0 ,30 ,No
EMP0448,2026,3.0 ,50 ,No
EMP0449,2026,3.7 ,52 ,No
EMP0450,2026,3.1 ,18 ,No
EMP0451,2026,3.3 ,45 ,No
EMP0452,2026,3.8 ,40 ,No
EMP0453,2026,2.1 ,27 ,No
EMP0454,2026,4.2 ,47 ,No
EMP0455,2026,3.4 ,10 ,No
EMP0456,2026,3.1 ,51 ,No
EMP0457,2026,3.3 ,9 ,No
EMP0458,2026,3.3 ,47 ,No
EMP0459,2026,2.2 ,29 ,No
EMP0460,2026,4.3 ,22 ,No
EMP0461,2026,3.4 ,17 ,No
EMP0462,2026,3.6 ,47 ,No
EMP0463,2026,4.0 ,18 ,No
EMP0464,2026,2.7 ,32 ,No
EMP0465,2026,3.7 ,22 ,Yes
EMP0466,2026,3.2 ,32 ,No
EMP0467,2026,3.9 ,55 ,No
EMP0468,2026,2.0 ,60 ,No
EMP0469,2026,3.3 ,31 ,No
EMP0470,2026,3.0 ,36 ,No
EMP0471,2026,3.6 ,51 ,No
EMP0472,2026,3.7 ,13 ,Yes
EMP0473,2026,2.9 ,44 ,No
EMP0474,2026,2.9 ,36 ,No
EMP0475,2026,3.3 ,24 ,Yes
EMP0476,2026,2.8 ,32 ,No
EMP0477,2026,3.9 ,37 ,No
EMP0478,2026,3.1 ,8 ,No
EMP0479,2026,1.5 ,50 ,Yes
EMP0480,2026,3.1 ,38 ,No
EMP0481,2026,2.7 ,52 ,No
EMP0482,2026,2.3 ,7 ,No
EMP0483,2026,2.5 ,30 ,No
EMP0484,2026,3.4 ,12 ,No
EMP0485,2026,4.2 ,10 ,No
EMP0486,2026,3.6 ,20 ,No
EMP0487,2026,3.0 ,28 ,No
EMP0488,2026,3.6 ,52 ,No
EMP0489,2026,3.1 ,43 ,No
EMP0490,2026,2.9 ,34 ,Yes
EMP0491,2026,2.6 ,49 ,Yes
EMP0492,2026,2.2 ,17 ,Yes
EMP0493,2026,3.1 ,9 ,Yes
EMP0494,2026,3.5 ,29 ,No
EMP0495,2026,3.3 ,24 ,No
EMP0496,2026,3.1 ,58 ,No
EMP0497,2026,2.7 ,22 ,No
EMP0498,2026,3.7 ,51 ,No
EMP0499,2026,2.5 ,22 ,Yes
EMP0500,2026,3.9 ,6 ,No
EMP0501,2026,2.7 ,14 ,No
EMP0502,2026,2.9 ,59 ,No
EMP0503,2026,2.4 ,49 ,No
EMP0504,2026,3.0 ,54 ,No
EMP0505,2026,4.0 ,51 ,No
EMP0506,2026,3.7 ,16 ,No
EMP0507,2026,4.0 ,51 ,No
EMP0508,2026,3.7 ,17 ,Yes
EMP0509,2026,2.6 ,54 ,No
EMP0510,2026,3.1 ,51 ,Yes
EMP0511,2026,2.8 ,59 ,No
EMP0512,2026,4.2 ,15 ,No
EMP0513,2026,2.6 ,23 ,No
EMP0514,2026,3.9 ,39 ,No
EMP0515,2026,3.9 ,43 ,No
EMP0516,2026,4.5 ,57 ,No
EMP0517,2026,3.1 ,30 ,No
EMP0518,2026,3.8 ,50 ,No
EMP0519,2026,4.8 ,18 ,Yes
EMP0520,2026,2.9 ,58 ,No
EMP0521,2026,2.4 ,49 ,No
EMP0522,2026,2.1 ,48 ,Yes
EMP0523,2026,3.8 ,28 ,No
EMP0524,2026,2.1 ,45 ,Yes
EMP0525,2026,3.1 ,5 ,No
EMP0526,2026,3.6 ,55 ,No
EMP0527,2026,3.5 ,47 ,No
EMP0528,2026,3.6 ,59 ,Yes
EMP0529,2026,3.5 ,26 ,Yes
EMP0530,2026,4.2 ,27 ,Yes
EMP0531,2026,2.7 ,60 ,No
EMP0532,2026,2.9 ,58 ,No
EMP0533,2026,2.8 ,23 ,No
EMP0534,2026,3.9 ,22 ,No
EMP0535,2026,3.9 ,16 ,No
EMP0536,2026,3.6 ,59 ,No
EMP0537,2026,4.1 ,32 ,No
EMP0538,2026,2.6 ,32 ,No
EMP0539,2026,4.4 ,37 ,No
EMP0540,2026,4.3 ,23 ,No
EMP0541,2026,3.8 ,32 ,Yes
EMP0542,2026,4.5 ,56 ,No
EMP0543,2026,2.3 ,53 ,Yes
EMP0544,2026,3.0 ,41 ,No
EMP0545,2026,2.9 ,30 ,No
EMP0546,2026,3.8 ,39 ,No
EMP0547,2026,2.7 ,38 ,No
EMP0548,2026,3.8 ,39 ,Yes
EMP0549,2026,4.2 ,44 ,No
EMP0550,2026,3.8 ,20 ,No
EMP0551,2026,3.5 ,42 ,No
EMP0552,2026,2.7 ,17 ,No
EMP0553,2026,2.8 ,27 ,No
EMP0554,2026,4.2 ,58 ,No
EMP0555,2026,3.9 ,26 ,No
EMP0556,2026,3.3 ,20 ,Yes
EMP0557,2026,3.1 ,32 ,No
EMP0558,2026,2.0 ,52 ,No
EMP0559,2026,2.7 ,39 ,No
EMP0560,2026,4.6 ,49 ,No
EMP0561,2026,2.5 ,50 ,No
EMP0562,2026,3.5 ,12 ,No
EMP0563,2026,4.0 ,48 ,No
EMP0564,2026,2.5 ,59 ,Yes
EMP0565,2026,3.5 ,59 ,No
EMP0566,2026,4.0 ,26 ,Yes
EMP0567,2026,3.4 ,25 ,Yes
EMP0568,2026,5.0 ,30 ,No
EMP0569,2026,2.3 ,44 ,No
EMP0570,2026,4.0 ,25 ,No
EMP0571,2026,3.2 ,29 ,No
EMP0572,2026,3.9 ,45 ,No
EMP0573,2026,3.6 ,5 ,No
EMP0574,2026,2.9 ,10 ,No
EMP0575,2026,3.5 ,27 ,No
EMP0576,2026,2.1 ,55 ,No
EMP0577,2026,3.7 ,27 ,No
EMP0578,2026,3.5 ,47 ,No
EMP0579,2026,3.8 ,47 ,Yes
EMP0580,2026,4.0 ,27 ,No
EMP0581,2026,3.6 ,36 ,No
EMP0582,2026,3.4 ,34 ,No
EMP0583,2026,2.8 ,17 ,Yes
EMP0584,2026,2.9 ,47 ,No
EMP0585,2026,4.1 ,22 ,No
EMP0586,2026,4.3 ,27 ,No
EMP0587,2026,3.2 ,19 ,Yes
EMP0588,2026,3.4 ,37 ,No
EMP0589,2026,2.8 ,25 ,No
EMP0590,2026,4.1 ,43 ,No
EMP0591,2026,3.8 ,27 ,No
EMP0592,2026,4.6 ,31 ,No
EMP0593,2026,2.8 ,49 ,No
EMP0594,2026,3.1 ,48 ,Yes
EMP0595,2026,3.5 ,22 ,Yes
EMP0596,2026,3.8 ,28 ,No
EMP0597,2026,3.2 ,55 ,No
EMP0598,2026,2.8 ,51 ,Yes
EMP0599,2026,3.9 ,44 ,No
EMP0600,2026,3.8 ,55 ,No