employee_id,status,exit_date,exit_reason
EMP0001,Exited,2024/12/31,Workload
EMP0002,Exited,2025/01/03,Compensation
EMP0003,Active,,
EMP0004,Active,,
EMP0005,Active,,
EMP0006,Exited,2024/04/30,Relocation
EMP0007,Active,,
EMP0008,Active,,
EMP0009,Active,,
EMP0010,Active,,
EMP0011,Active,,
EMP0012,Active,,
EMP0013,Active,,
EMP0014,Active,,
EMP0015,Active,,
EMP0016,Active,,
EMP0017,Active,,
EMP0018,Active,,
EMP0019,Active,,
EMP0020,Active,,
EMP0021,Active,,
EMP0022,Active,,
EMP0023,Active,,
EMP0024,Active,,
EMP0025,Active,,
EMP0026,Active,,
EMP0027,Active,,
EMP0028,Active,,
EMP0029,Active,,
EMP0030,Active,,
EMP0031,Active,,
EMP0032,Active,,
EMP0033,Active,,
EMP0034,Active,,
EMP0035,Active,,
EMP0036,Active,,
EMP0037,Active,,
EMP0038,Active,,
EMP0039,Active,,
EMP0040,Active,,
EMP0041,Active,,
EMP0042,Active,,
EMP0043,Active,,
EMP0044,Active,,
EMP0045,Active,,
EMP0046,Active,,
EMP0047,Active,,
EMP0048,Active,,
EMP0049,Active,,
EMP0050,Active,,
EMP0051,Active,,
EMP0052,Active,,
EMP0053,Active,,
EMP0054,Active,,
EMP0055,Active,,
EMP0056,Active,,
EMP0057,Active,,
EMP0058,Active,,
EMP0059,Active,,
EMP0060,Active,,
EMP0061,Active,,
EMP0062,Active,,
EMP0063,Active,,
EMP0064,Active,,
EMP0065,Active,,
EMP0066,Active,,
EMP0067,Active,,
EMP0068,Active,,
EMP0069,Active,,
EMP0070,Active,,
EMP0071,Active,,
EMP0072,Active,,
EMP0073,Active,,
EMP0074,Active,,
EMP0075,Active,,
EMP0076,Active,,
EMP0077,Active,,
EMP0078,Active,,
EMP0079,Active,,
EMP0080,Active,,
EMP0081,Active,,
EMP0082,Active,,
EMP0083,Active,,
EMP0084,Active,,
EMP0085,Active,,
EMP0086,Exited,2020/08/06,Relocation
EMP0087,Active,,
EMP0088,Active,,
EMP0089,Active,,
EMP0090,Active,,
EMP0091,Exited,2019/11/11,Career Growth
EMP0092,Active,,
EMP0093,Active,,
EMP0094,Active,,
EMP0095,Active,,
EMP0096,Active,,
EMP0097,Active,,
EMP0098,Active,,
EMP0099,Active,,
EMP0100,Active,,
EMP0101,Active,,
EMP0102,Active,,
EMP0103,Active,,
EMP0104,Active,,
EMP0105,Active,,
EMP0106,Active,,
EMP0107,Active,,
EMP0108,Active,,
EMP0109,Active,,
EMP0110,Active,,
EMP0111,Active,,
EMP0112,Active,,
EMP0113,Active,,
EMP0114,Active,,
EMP0115,Active,,
EMP0116,Active,,
EMP0117,Active,,
EMP0118,Active,,
EMP0119,Active,,
EMP0120,Active,,
EMP0121,Active,,
EMP0122,Active,,
EMP0123,Active,,
EMP0124,Active,,
EMP0125,Exited,2022/12/22,Compensation
EMP0126,Active,,
EMP0127,Active,,
EMP0128,Active,,
EMP0129,Exited,2026/01/27,Relocation
EMP0130,Active,,
EMP0131,Active,,
EMP0132,Active,,
EMP0133,Active,,
EMP0134,Exited,2025/12/26,Relocation
EMP0135,Active,,
EMP0136,Active,,
EMP0137,Active,,
EMP0138,Active,,
EMP0139,Active,,
EMP0140,Active,,
EMP0141,Active,,
EMP0142,Active,,
EMP0143,Active,,
EMP0144,Active,,
EMP0145,Active,,
EMP0146,Active,,
EMP0147,Active,,
EMP0148,Active,,
EMP0149,Active,,
EMP0150,Active,,
EMP0151,Active,,
EMP0152,Active,,
EMP0153,Active,,
EMP0154,Active,,
EMP0155,Active,,
EMP0156,Active,,
EMP0157,Active,,
EMP0158,Active,,
EMP0159,Active,,
EMP0160,Active,,
EMP0161,Active,,
EMP0162,Active,,
EMP0163,Active,,
EMP0164,Active,,
EMP0165,Active,,
EMP0166,Active,,
EMP0167,Active,,
EMP0168,Active,,
EMP0169,Active,,
EMP0170,Active,,
EMP0171,Active,,
EMP0172,Active,,
EMP0173,Active,,
EMP0174,Active,,
EMP0175,Active,,
EMP0176,Active,,
EMP0177,Active,,
EMP0178,Active,,
EMP0179,Active,,
EMP0180,Active,,
EMP0181,Active,,
EMP0182,Active,,
EMP0183,Active,,
EMP0184,Active,,
EMP0185,Active,,
EMP0186,Active,,
EMP0187,Active,,
EMP0188,Active,,
EMP0189,Active,,
EMP0190,Active,,
EMP0191,Active,,
EMP0192,Active,,
EMP0193,Active,,
EMP0194,Active,,
EMP0195,Active,,
EMP0196,Active,,
EMP0197,Active,,
EMP0198,Active,,
EMP0199,Active,,
EMP0200,Active,,
EMP0201,Active,,
EMP0202,Active,,
EMP0203,Active,,
EMP0204,Active,,
EMP0205,Active,,
EMP0206,Active,,
EMP0207,Active,,
EMP0208,Active,,
EMP0209,Active,,
EMP0210,Active,,
EMP0211,Active,,
EMP0212,Active,,
EMP0213,Active,,
EMP0214,Active,,
EMP0215,Active,,
EMP0216,Active,,
EMP0217,Active,,
EMP0218,Active,,
EMP0219,Active,,
EMP0220,Active,,
EMP0221,Active,,
EMP0222,Active,,
EMP0223,Active,,
EMP0224,Active,,
EMP0225,Active,,
EMP0226,Active,,
EMP0227,Active,,
EMP0228,Active,,
EMP0229,Active,,
EMP0230,Active,,
EMP0231,Active,,
EMP0232,Active,,
EMP0233,Exited,2026/02/03,Workload
EMP0234,Active,,
EMP0235,Active,,
EMP0236,Active,,
EMP0237,Active,,
EMP0238,Active,,
EMP0239,Active,,
EMP0240,Active,,
EMP0241,Active,,
EMP0242,Active,,
EMP0243,Active,,
EMP0244,Active,,
EMP0245,Active,,
EMP0246,Active,,
EMP0247,Active,,
EMP0248,Active,,
EMP0249,Active,,
EMP0250,Active,,
EMP0251,Active,,
EMP0252,Active,,
EMP0253,Active,,
EMP0254,Active,,
EMP0255,Active,,
EMP0256,Active,,
EMP0257,Active,,
EMP0258,Active,,
EMP0259,Active,,
EMP0260,Active,,
EMP0261,Active,,
EMP0262,Active,,
EMP0263,Active,,
EMP0264,Exited,2026/08/27,Workload
EMP0265,Active,,
EMP0266,Exited,2021/10/21,Relocation
EMP0267,Active,,
EMP0268,Active,,
EMP0269,Active,,
EMP0270,Active,,
EMP0271,Active,,
EMP0272,Active,,
EMP0273,Active,,
EMP0274,Active,,
EMP0275,Active,,
EMP0276,Active,,
EMP0277,Active,,
EMP0278,Exited,2023/04/29,Workload
EMP0279,Active,,
EMP0280,Active,,
EMP0281,Active,,
EMP0282,Active,,
EMP0283,Active,,
EMP0284,Active,,
EMP0285,Active,,
EMP0286,Active,,
EMP0287,Active,,
EMP0288,Active,,
EMP0289,Active,,
EMP0290,Active,,
EMP0291,Active,,
EMP0292,Active,,
EMP0293,Active,,
EMP0294,Active,,
EMP0295,Active,,
EMP0296,Exited,2026/05/26,Compensation
EMP0297,Active,,
EMP0298,Active,,
EMP0299,Exited,2023/01/15,Personal Reasons
EMP0300,Active,,
EMP0301,Active,,
EMP0302,Active,,
EMP0303,Active,,
EMP0304,Active,,
EMP0305,Active,,
EMP0306,Active,,
EMP0307,Active,,
EMP0308,Active,,
EMP0309,Active,,
EMP0310,Active,,
EMP0311,Active,,
EMP0312,Exited,2026/02/19,Relocation
EMP0313,Active,,
EMP0314,Active,,
EMP0315,Active,,
EMP0316,Active,,
EMP0317,Active,,
EMP0318,Active,,
EMP0319,Active,,
EMP0320,Active,,
EMP0321,Active,,
EMP0322,Active,,
EMP0323,Active,,
EMP0324,Active,,
EMP0325,Active,,
EMP0326,Active,,
EMP0327,Active,,
EMP0328,Exited,2021/02/01,Workload
EMP0329,Active,,
EMP0330,Active,,
EMP0331,Active,,
EMP0332,Active,,
EMP0333,Active,,
EMP0334,Active,,
EMP0335,Active,,
EMP0336,Active,,
EMP0337,Active,,
EMP0338,Active,,
EMP0339,Active,,
EMP0340,Active,,
EMP0341,Active,,
EMP0342,Active,,
EMP0343,Active,,
EMP0344,Active,,
EMP0345,Active,,
EMP0346,Active,,
EMP0347,Active,,
EMP0348,Active,,
EMP0349,Active,,
EMP0350,Active,,
EMP0351,Active,,
EMP0352,Active,,
EMP0353,Active,,
EMP0354,Active,,
EMP0355,Active,,
EMP0356,Active,,
EMP0357,Active,,
EMP0358,Active,,
EMP0359,Active,,
EMP0360,Active,,
EMP0361,Active,,
EMP0362,Active,,
EMP0363,Active,,
EMP0364,Active,,
EMP0365,Active,,
EMP0366,Active,,
EMP0367,Active,,
EMP0368,Active,,
EMP0369,Active,,
EMP0370,Active,,
EMP0371,Active,,
EMP0372,Active,,
EMP0373,Active,,
EMP0374,Active,,
EMP0375,Active,,
EMP0376,Active,,
EMP0377,Active,,
EMP0378,Active,,
EMP0379,Active,,
EMP0380,Active,,
EMP0381,Active,,
EMP0382,Active,,
EMP0383,Active,,
EMP0384,Active,,
EMP0385,Active,,
EMP0386,Active,,
EMP0387,Active,,
EMP0388,Active,,
EMP0389,Active,,
EMP0390,Active,,
EMP0391,Active,,
EMP0392,Active,,
EMP0393,Active,,
EMP0394,Active,,
EMP0395,Active,,
EMP0396,Active,,
EMP0397,Exited,2020/07/15,Compensation
EMP0398,Active,,
EMP0399,Active,,
EMP0400,Active,,
EMP0401,Active,,
EMP0402,Active,,
EMP0403,Active,,
EMP0404,Active,,
EMP0405,Active,,
EMP0406,Active,,
EMP0407,Active,,
EMP0408,Active,,
EMP0409,Active,,
EMP0410,Active,,
EMP0411,Active,,
EMP0412,Active,,
EMP0413,Active,,
EMP0414,Active,,
EMP0415,Active,,
EMP0416,Active,,
EMP0417,Active,,
EMP0418,Active,,
EMP0419,Active,,
EMP0420,Active,,
EMP0421,Active,,
EMP0422,Active,,
EMP0423,Active,,
EMP0424,Active,,
EMP0425,Active,,
EMP0426,Active,,
EMP0427,Active,,
EMP0428,Active,,
EMP0429,Active,,
EMP0430,Active,,
EMP0431,Active,,
EMP0432,Active,,
EMP0433,Active,,
EMP0434,Active,,
EMP0435,Active,,
EMP0436,Active,,
EMP0437,Active,,
EMP0438,Active,,
EMP0439,Active,,
EMP0440,Active,,
EMP0441,Active,,
EMP0442,Active,,
EMP0443,Active,,
EMP0444,Active,,
EMP0445,Active,,
EMP0446,Active,,
EMP0447,Active,,
EMP0448,Active,,
EMP0449,Active,,
EMP0450,Active,,
EMP0451,Active,,
EMP0452,Active,,
EMP0453,Active,,
EMP0454,Active,,
EMP0455,Active,,
EMP0456,Active,,
EMP0457,Active,,
EMP0458,Active,,
EMP0459,Active,,
EMP0460,Active,,
EMP0461,Active,,
EMP0462,Active,,
EMP0463,Exited,2024/06/09,Workload
EMP0464,Active,,
EMP0465,Active,,
EMP0466,Active,,
EMP0467,Active,,
EMP0468,Exited,2025/02/27,Workload
EMP0469,Active,,
EMP0470,Active,,
EMP0471,Active,,
EMP0472,Active,,
EMP0473,Exited,2023/05/22,Compensation
EMP0474,Active,,
EMP0475,Active,,
EMP0476,Active,,
EMP0477,Active,,
EMP0478,Active,,
EMP0479,Active,,
EMP0480,Active,,
EMP0481,Active,,
EMP0482,Active,,
EMP0483,Active,,
EMP0484,Active,,
EMP0485,Active,,
EMP0486,Active,,
EMP0487,Active,,
EMP0488,Active,,
EMP0489,Active,,
EMP0490,Active,,
EMP0491,Active,,
EMP0492,Active,,
EMP0493,Active,,
EMP0494,Exited,2023/02/12,Workload
EMP0495,Active,,
EMP0496,Active,,
EMP0497,Active,,
EMP0498,Active,,
EMP0499,Active,,
EMP0500,Active,,
EMP0501,Active,,
EMP0502,Active,,
EMP0503,Active,,
EMP0504,Active,,
EMP0505,Active,,
EMP0506,Active,,
EMP0507,Active,,
EMP0508,Active,,
EMP0509,Active,,
EMP0510,Active,,
EMP0511,Active,,
EMP0512,Active,,
EMP0513,Active,,
EMP0514,Active,,
EMP0515,Active,,
EMP0516,Active,,
EMP0517,Active,,
EMP0518,Active,,
EMP0519,Exited,2023/10/25,Career Growth
EMP0520,Active,,
EMP0521,Active,,
EMP0522,Active,,
EMP0523,Active,,
EMP0524,Active,,
EMP0525,Active,,
EMP0526,Exited,2023/09/06,Personal Reasons
EMP0527,Active,,
EMP0528,Active,,
EMP0529,Active,,
EMP0530,Active,,
EMP0531,Active,,
EMP0532,Active,,
EMP0533,Active,,
EMP0534,Active,,
EMP0535,Active,,
EMP0536,Active,,
EMP0537,Active,,
EMP0538,Active,,
EMP0539,Active,,
EMP0540,Active,,
EMP0541,Active,,
EMP0542,Active,,
EMP0543,Active,,
EMP0544,Active,,
EMP0545,Active,,
EMP0546,Active,,
EMP0547,Active,,
EMP0548,Active,,
EMP0549,Active,,
EMP0550,Active,,
EMP0551,Active,,
EMP0552,Active,,
EMP0553,Active,,
EMP0554,Active,,
EMP0555,Active,,
EMP0556,Active,,
EMP0557,Active,,
EMP0558,Active,,
EMP0559,Active,,
EMP0560,Active,,
EMP0561,Active,,
EMP0562,Active,,
EMP0563,Active,,
EMP0564,Active,,
EMP0565,Active,,
EMP0566,Active,,
EMP0567,Active,,
EMP0568,Active,,
EMP0569,Active,,
EMP0570,Active,,
EMP0571,Active,,
EMP0572,Active,,
EMP0573,Active,,
EMP0574,Active,,
EMP0575,Active,,
EMP0576,Active,,
EMP0577,Active,,
EMP0578,Active,,
EMP0579,Active,,
EMP0580,Active,,
EMP0581,Active,,
EMP0582,Active,,
EMP0583,Active,,
EMP0584,Active,,
EMP0585,Exited,2025/11/12,Career Growth
EMP0586,Active,,
EMP0587,Exited,2025/06/06,Relocation
EMP0588,Active,,
EMP0589,Active,,
EMP0590,Active,,
EMP0591,Active,,
EMP0592,Active,,
EMP0593,Active,,
EMP0594,Active,,
EMP0595,Active,,
EMP0596,Active,,
EMP0597,Active,,
EMP0598,Active,,
EMP0599,Active,,
EMP0600,Active,,